Location,HealyWarningsOnSmoking,MostSoldBrandCigaretteCurrency,MostSoldBrandCigarettePrice,TreatmentInHealthFacilities,BanOnEducationalFacilites,BanOnGovernmentFacilites,BanOnHealthcareFacilites,BanOnIndoorOffices,BanOnPublicTransport,BanOnPubsAndBars,BanOnRestaurants,BanOnUniversities,RegulationsOnSmokeFreeEnvironments,Year,CigaretteSmokingPrevalence_estimate,CigaretteSmokingPrevalence_ci_low,CigaretteSmokingPrevalence_ci_high,TobaccoSmokingPrevalence_estimate,TobaccoSmokingPrevalence_ci_low,TobaccoSmokingPrevalence_ci_high,TobaccoUsePrevalance_estimate,TobaccoUsePrevalance_ci_low,TobaccoUsePrevalance_ci_high
Albania,No,All,130.0,,,,,,,,,,,2008,46.8,35.3,56.3,54.4,45.0,66.6,54.4,45.0,66.6
Algeria,No,DZD,70.0,No,,,,,,,,,3.0,2008,12.1,6.7,17.6,15.9,11.2,21.1,20.8,11.3,30.3
Andorra,,,,No,,,,,,,,,,2008,28.9,19.0,41.1,35.1,26.3,44.9,35.1,26.3,44.9
Argentina,,ARS,3.8,Yes in some,,,,,,,,,,2008,28.3,23.0,33.6,31.2,25.5,37.1,34.1,27.2,42.8
Armenia,,AMD,500.0,Yes in some,,,,,,,,,,2008,29.2,24.3,34.1,31.3,26.4,36.6,31.3,26.4,36.6
Australia,No,AUD,9.6,Yes in most,,,,,,,,,,2008,16.1,10.7,21.1,19.7,16.4,22.8,22.4,18.5,26.2
Austria,No,EUR,3.6,Yes in some,,,,,,,,,,2008,36.7,28.6,45.1,39.4,30.8,47.6,39.4,30.8,47.6
Azerbaijan,,AZN,0.7,No,,,,,,,,,,2008,19.3,13.1,26.4,24.2,15.0,32.3,24.2,15.0,32.3
Bahamas,,BSD,2.69,No,,,,,,,,,,2008,3.1,1.4,5.2,18.5,11.7,26.3,18.5,11.7,26.3
Bahrain,,BHD,0.6,Yes in most,,,,,,,,,,2008,14.6,10.7,18.8,34.8,26.6,43.3,26.5,16.9,37.3
Bangladesh,,BDT,15.0,Yes in some,,,,,,,,,0.0,2008,22.0,17.3,27.0,3.0,2.1,3.8,45.5,36.8,54.7
Barbados,,BBD,11.0,No,,,,,,,,,,2008,2.0,1.0,3.1,2.6,1.6,4.0,2.7,1.7,3.8
Belarus,,BYR,860.0,Yes in some,,,,,,,,,,2008,30.4,24.7,35.7,32.6,26.9,38.0,32.6,26.9,38.0
Belgium,No,EUR,4.16,Yes in some,,,,,,,,,,2008,26.0,20.6,31.7,27.8,22.8,33.3,27.8,22.8,33.3
Benin,No,XOF,500.0,No,,,,,,,,,1.0,2008,10.4,7.3,13.9,14.5,11.0,18.4,20.2,16.2,25.4
Bosnia and Herzegovina,,BAM,2.0,Yes in most,,,,,,,,,,2008,34.7,24.9,43.8,42.8,33.2,53.0,42.8,33.2,53.0
Botswana,,BWP,17.5,Yes in some,,,,,,,,,,2008,24.9,15.8,34.5,31.8,23.6,40.7,27.7,21.1,34.5
Brazil,No,BRL,2.4,Yes in some,,,,,,,,,,2008,17.0,13.4,20.5,19.2,16.1,23.1,25.0,18.9,31.1
Brunei Darussalam,No,BND,2.24,Yes in some,,,,,,,,,,2008,24.5,15.6,33.7,29.2,21.3,36.4,29.2,21.3,36.4
Bulgaria,No,BGN,2.9,Yes in some,,,,,,,,,,2008,41.3,32.9,50.3,44.8,36.2,54.2,44.8,36.2,54.2
Burkina Faso,No,XOF,500.0,No,,,,,,,,,2.0,2008,11.2,8.2,14.2,25.2,19.6,31.6,22.7,16.4,29.0
Burundi,,BIF,600.0,No,,,,,,,,,,2008,18.1,11.1,26.8,21.3,13.2,31.2,23.9,16.7,32.0
Cambodia,,USD,0.3,Yes in some,,,,,,,,,,2008,4.4,3.6,5.3,4.7,3.9,5.5,34.6,28.5,40.8
Cameroon,No,XAF,500.0,Yes in some,,,,,,,,,0.0,2008,15.2,10.4,19.7,15.2,10.4,19.7,2.0,1.4,2.6
Canada,,CAD,7.86,Yes in most,,,,,,,,,,2008,20.0,16.9,23.1,20.7,17.4,23.8,28.1,22.5,34.1
Chad,No,XAF,500.0,No,,,,,,,,,,2008,12.5,8.9,17.3,10.0,7.2,12.7,22.6,15.6,31.0
Chile,Yes,CLP,1074.0,Yes in some,,,,,,,,,10.0,2008,38.3,30.2,45.6,49.6,35.7,64.2,49.6,35.7,64.2
China,,CNY,6.44,Yes in some,,,,,,,,,1.0,2008,25.0,20.7,30.0,27.3,22.1,32.1,27.3,22.1,32.1
Colombia,No,COP,1769.0,Yes in some,,,,,,,,,,2008,15.9,11.2,20.5,17.9,13.1,23.8,17.9,13.1,23.8
Comoros,,KMF,500.0,,,,,,,,,,,2008,22.0,16.5,27.6,26.5,21.5,33.1,30.4,23.1,38.7
Congo,,XAF,500.0,No,,,,,,,,,,2008,16.2,11.1,21.7,18.1,14.8,22.0,22.2,16.8,28.0
Cook Islands,No,NZD,8.2,Yes in most,,,,,,,,,,2008,28.6,17.7,39.4,35.7,27.6,44.4,35.7,27.6,44.4
Costa Rica,,CRC,750.0,Yes in some,,,,,,,,,7.0,2008,18.7,14.4,23.9,20.8,16.0,26.1,20.8,16.0,26.1
Croatia,No,HRK,15.0,Yes in some,,,,,,,,,,2008,31.8,24.0,39.0,35.3,28.6,42.4,35.3,28.6,42.4
Cuba,No,CUP,7.0,Yes in most,,,,,,,,,5.0,2008,27.3,17.8,37.4,37.8,25.5,51.6,37.8,25.5,51.6
Cyprus,No,EUR,2.82,Yes in some,,,,,,,,,,2008,32.5,24.5,40.5,40.0,29.5,51.4,40.0,29.5,51.4
Czechia,No,CZK,53.0,Yes in some,,,,,,,,,,2008,28.4,23.3,34.0,33.4,27.6,38.8,33.4,27.6,38.8
Côte d’Ivoire,No,XOF,700.0,No,,,,,,,,,2.0,2008,12.6,7.1,19.6,15.5,9.0,24.7,3.4,1.3,6.8
Democratic People's Republic of Korea,,KPW,20.0,Yes in most,,,,,,,,,,2008,16.8,9.5,23.5,20.3,14.5,27.0,20.3,14.5,27.0
Denmark,No,DKK,32.0,Yes in some,,,,,,,,,,2008,25.8,20.7,30.8,28.5,23.5,33.8,28.5,23.5,33.8
Dominican Republic,No,DOP,100.0,No,,,,,,,,,,2008,13.6,10.5,16.9,14.3,9.8,19.5,14.3,9.8,19.5
Egypt,No,EGP,2.75,Yes in some,,,,,,,,,3.0,2008,16.2,12.7,19.8,21.3,17.2,25.3,21.3,17.2,25.3
El Salvador,No,USD,1.4,Yes in some,,,,,,,,,4.0,2008,19.4,12.0,28.0,23.1,14.9,33.4,28.6,18.1,41.4
Eritrea,No,ERN,25.0,No,,,,,,,,,,2008,11.9,6.9,16.6,14.5,10.3,18.8,10.2,7.1,13.7
Estonia,No,EEK,32.18,Yes in some,,,,,,,,,,2008,32.9,25.8,39.9,36.4,30.6,42.8,36.4,30.6,42.8
Eswatini,,SZL,27.5,No,,,,,,,,,,2008,15.0,11.9,18.4,2.4,1.8,3.3,18.8,14.6,22.7
Ethiopia,,ETB,4.35,No,,,,,,,,,,2008,3.6,2.8,4.4,4.2,3.2,5.2,10.5,7.6,13.0
Fiji,,FJD,4.6,No,,,,,,,,,,2008,24.4,14.1,36.0,29.9,20.0,40.4,29.9,20.0,40.4
Finland,No,EUR,4.07,Yes in most,,,,,,,,,,2008,22.0,16.7,26.8,25.0,20.8,28.9,25.0,20.8,28.9
France,No,EUR,5.3,Yes in some,,,,,,,,,,2008,31.4,24.4,38.6,34.5,28.3,41.1,34.5,28.3,41.1
Gambia,,GMD,10.0,No,,,,,,,,,,2008,13.5,9.3,18.4,18.0,12.6,24.0,2.8,1.9,3.9
Georgia,No,GEL,1.8,No,,,,,,,,,,2008,5.3,4.2,6.6,5.7,4.6,6.9,5.7,4.6,6.9
Germany,No,EUR,4.71,Yes in some,,,,,,,,,,2008,28.9,23.4,34.0,31.2,25.8,36.3,31.2,25.8,36.3
Ghana,,GHS,1.5,Yes in some,,,,,,,,,,2008,3.6,2.5,4.7,4.8,3.3,6.1,5.1,3.9,6.6
Greece,No,EUR,3.0,Yes in some,,,,,,,,,,2008,41.1,31.4,51.5,45.3,34.8,56.6,45.3,34.8,56.6
Guyana,,GYD,240.0,No,,,,,,,,,,2008,3.8,2.4,5.1,3.8,2.4,5.1,3.8,2.4,5.1
Haiti,,,,No,,,,,,,,,,2008,3.5,2.5,4.7,16.0,0.0,0.0,16.0,0.0,0.0
Hungary,No,HUF,568.4,,,,,,,,,,,2008,33.5,26.4,40.7,35.9,29.5,42.6,35.9,29.5,42.6
Iceland,No,ISK,665.0,Yes in some,,,,,,,,,,2008,17.6,10.4,25.3,22.1,16.3,28.5,22.1,16.3,28.5
India,Yes,INR,58.0,Yes in some,,,,,,,,,2.0,2008,13.0,9.8,16.2,23.8,19.1,28.7,38.5,29.6,49.7
Indonesia,,IDR,12500.0,Yes in some,,,,,,,,,3.0,2008,30.7,24.8,36.9,30.7,24.8,36.9,39.3,32.3,47.2
Iran (Islamic Republic of),Yes,IRR,4739.0,Yes in some,,,,,,,,,5.0,2008,11.3,8.2,14.6,25.1,20.3,30.4,30.7,25.5,37.4
Iraq,,IQD,500.0,No,,,,,,,,,,2008,28.8,18.2,41.5,37.1,27.8,48.3,44.4,32.9,56.5
Ireland,No,EUR,8.05,Yes in some,,,,,,,,,,2008,26.9,21.7,32.4,30.2,24.0,37.2,30.2,24.0,37.2
Israel,No,ILS,19.0,Yes in some,,,,,,,,,,2008,24.6,19.8,29.1,28.7,23.2,35.3,28.7,23.2,35.3
Italy,No,EUR,3.6,Yes in some,,,,,,,,,,2008,24.5,20.4,28.0,25.1,21.4,29.5,25.1,21.4,29.5
Jamaica,,JMD,405.0,Yes in most,,,,,,,,,,2008,19.4,13.6,24.9,24.0,14.8,34.3,24.0,14.8,34.3
Japan,No,JPY,300.0,Yes in some,,,,,,,,,,2008,27.2,22.7,31.7,28.3,23.6,32.9,28.3,23.6,32.9
Kazakhstan,No,KZT,90.0,,,,,,,,,,,2008,46.8,39.3,56.2,50.1,41.1,59.4,50.1,41.1,59.4
Kenya,No,KES,80.0,Yes in some,,,,,,,,,,2008,11.0,9.0,13.4,13.6,10.4,16.6,27.1,22.0,32.7
Kiribati,,AUD,6.4,Yes in most,,,,,,,,,,2008,49.3,28.6,68.9,61.2,46.6,76.3,61.2,46.6,76.3
Kuwait,,KWD,0.47,Yes in most,,,,,,,,,,2008,2.3,1.1,3.5,37.0,29.4,45.7,43.6,33.5,54.9
Kyrgyzstan,Yes,KGS,22.0,Yes in most,,,,,,,,,,2008,3.7,2.7,4.8,4.3,3.1,5.7,4.3,3.1,5.7
Lao People's Democratic Republic,,LAK,5000.0,No,,,,,,,,,,2008,50.2,39.0,63.7,36.6,29.0,43.8,51.1,39.8,62.3
Latvia,,LVL,1.48,Yes in some,,,,,,,,,,2008,34.6,26.8,42.0,39.0,31.9,45.5,39.0,31.9,45.5
Lebanon,No,LBP,2000.0,No,,,,,,,,,,2008,29.6,21.7,37.2,34.4,25.7,44.0,43.3,29.3,59.4
Lesotho,,LSL,22.0,Yes in most,,,,,,,,,,2008,16.3,12.4,20.9,20.8,14.9,27.2,42.5,34.2,51.6
Liberia,,LRD,50.0,Yes in some,,,,,,,,,,2008,15.8,9.6,22.0,2.1,1.5,2.8,18.9,14.2,24.0
Lithuania,No,LTL,5.0,Yes in some,,,,,,,,,,2008,29.3,22.9,35.6,32.4,27.1,38.1,32.4,27.1,38.1
Luxembourg,No,EUR,3.2,,,,,,,,,,,2008,23.9,19.1,28.7,26.2,22.0,30.9,26.2,22.0,30.9
Madagascar,No,MGA,1400.0,No,,,,,,,,,3.0,2008,16.4,12.1,20.9,22.7,15.4,30.7,36.5,27.7,46.4
Malawi,,MWK,150.0,No,,,,,,,,,,2008,2.7,1.5,3.9,26.7,22.4,31.9,29.8,24.2,36.0
Malaysia,,MYR,9.0,Yes in some,,,,,,,,,,2008,21.8,15.8,27.9,25.7,20.5,30.7,25.7,20.5,30.7
Mali,No,XOF,700.0,No,,,,,,,,,,2008,18.2,13.4,22.5,2.6,1.5,3.9,2.6,1.5,3.9
Malta,,EUR,3.59,Yes in some,,,,,,,,,,2008,26.9,20.8,33.0,30.1,24.6,36.1,30.1,24.6,36.1
Mauritius,,MUR,65.0,No,,,,,,,,,,2008,3.6,2.9,4.5,4.2,3.3,5.2,54.1,36.3,72.3
Mexico,No,MXN,28.0,Yes in most,,,,,,,,,,2008,26.7,22.0,31.7,29.0,24.4,34.4,29.0,24.4,34.4
Mongolia,No,MNT,500.0,Yes in some,,,,,,,,,2.0,2008,42.6,27.3,56.6,52.2,42.5,64.9,57.6,44.8,72.5
Morocco,No,MAD,17.5,Yes in most,,,,,,,,,,2008,14.8,11.3,18.3,17.4,14.1,21.1,19.4,15.4,24.6
Mozambique,No,MZN,15.0,No,,,,,,,,,,2008,2.3,1.3,3.4,34.5,24.0,44.4,33.7,26.8,42.0
Myanmar,,MMK,1050.0,Yes in some,,,,,,,,,5.0,2008,39.7,29.6,50.9,29.9,23.4,36.7,55.4,44.3,68.8
Namibia,,NAD,23.0,No,,,,,,,,,,2008,21.5,17.2,26.8,21.8,16.6,27.2,21.9,6.0,9.8
Nauru,,AUD,4.4,No,,,,,,,,,,2008,43.4,26.9,60.2,53.3,40.2,69.3,62.8,47.1,80.6
Nepal,,NPR,65.0,Yes in some,,,,,,,,,,2008,27.4,22.2,32.8,30.8,25.5,36.4,49.0,40.0,58.6
Netherlands,No,EUR,4.74,Yes in most,,,,,,,,,,2008,24.3,18.1,30.1,28.4,24.0,33.4,28.4,24.0,33.4
New Zealand,No,NZD,10.0,Yes in most,,,,,,,,,10.0,2008,21.5,17.9,24.9,22.5,18.9,26.1,22.5,18.9,26.1
Niger,,XOF,400.0,No,,,,,,,,,,2008,10.9,7.8,14.0,12.8,10.5,15.7,14.5,11.3,17.7
Nigeria,,NGN,180.0,Yes in some,,,,,,,,,0.0,2008,4.5,3.2,6.0,5.2,4.1,6.6,11.2,8.2,14.0
Norway,No,NOK,71.0,Yes in some,,,,,,,,,,2008,24.5,16.7,32.3,30.8,26.4,35.8,20.7,17.4,23.8
Oman,No,OMR,0.6,No,,,,,,,,,8.0,2008,10.7,8.0,13.5,14.2,11.4,17.0,18.1,13.3,23.0
Pakistan,,PKR,18.4,Yes in some,,,,,,,,,2.0,2008,28.9,22.0,37.8,37.6,29.0,46.6,30.7,22.9,38.9
Palau,,USD,3.5,Yes in some,,,,,,,,,9.0,2008,26.3,13.5,36.6,22.2,14.9,29.1,29.5,18.5,41.5
Panama,Yes,USD,1.96,Yes in some,,,,,,,,,5.0,2008,3.1,2.2,3.9,16.5,13.0,20.5,19.1,13.4,25.2
Paraguay,,PYG,1000.0,Yes in some,,,,,,,,,5.0,2008,27.5,18.7,38.2,32.9,26.4,40.4,32.9,26.4,40.4
Peru,Yes,PEN,4.0,No,,,,,,,,,5.0,2008,30.2,21.2,40.1,33.0,22.3,43.5,33.0,22.3,43.5
Philippines,No,PHP,12.23,No,,,,,,,,,5.0,2008,46.0,37.3,55.1,30.5,24.9,35.6,30.5,24.9,35.6
Poland,No,PLN,5.75,Yes in some,,,,,,,,,,2008,31.8,25.4,38.0,34.1,27.6,40.5,34.1,27.6,40.5
Portugal,No,EUR,3.3,Yes in some,,,,,,,,,,2008,23.1,17.6,28.4,26.1,21.3,31.2,26.1,21.3,31.2
Qatar,No,QAR,6.0,Yes in some,,,,,,,,,,2008,10.1,6.6,14.4,12.7,9.1,17.1,14.9,11.0,19.2
Republic of Korea,,KRW,2500.0,Yes in some,,,,,,,,,6.0,2008,48.9,41.4,58.2,51.7,43.5,60.3,51.7,43.5,60.3
Republic of Moldova,,MDL,6.0,No,,,,,,,,,,2008,39.3,32.2,47.4,43.8,35.9,52.1,43.8,35.9,52.1
Romania,No,RON,6.5,Yes in some,,,,,,,,,,2008,30.8,24.4,37.2,34.4,28.6,41.1,34.4,28.6,41.1
Russian Federation,No,RUB,25.0,No,,,,,,,,,,2008,30.9,25.8,35.7,31.5,26.4,36.8,31.5,26.4,36.8
Rwanda,,RWF,500.0,No,,,,,,,,,,2008,16.9,11.5,22.2,24.3,17.5,31.5,24.6,18.5,31.4
Samoa,No,WST,7.8,No,,,,,,,,,,2008,28.7,21.5,37.5,35.6,26.7,44.3,35.6,26.7,44.3
Sao Tome and Principe,,STD,20000.0,No,,,,,,,,,,2008,4.0,2.7,5.7,4.6,3.5,6.0,5.9,4.3,7.6
Saudi Arabia,,SAR,6.0,Yes in most,,,,,,,,,0.0,2008,2.1,1.3,3.0,2.9,2.0,3.8,3.3,1.9,4.8
Senegal,No,XOF,400.0,Yes in some,,,,,,,,,0.0,2008,15.8,11.8,19.3,18.3,15.0,22.3,12.1,8.7,16.3
Serbia,,RSD,70.0,Yes in some,,,,,,,,,,2008,38.8,29.6,48.2,43.6,35.6,52.1,43.6,35.6,52.1
Seychelles,,SCR,66.0,No,,,,,,,,,,2008,34.1,25.6,42.5,38.8,29.3,47.4,39.5,29.7,48.8
Sierra Leone,,SLL,1600.0,No,,,,,,,,,,2008,36.6,27.8,45.9,28.6,22.8,35.4,28.6,22.8,35.4
Singapore,No,SGD,11.6,Yes in most,,,,,,,,,7.0,2008,24.6,20.0,29.7,27.5,23.0,32.9,27.5,23.0,32.9
Slovakia,No,EUR,2.1,No,,,,,,,,,,2008,26.8,18.9,33.9,31.9,24.7,38.9,31.9,24.7,38.9
Slovenia,No,EUR,2.2,Yes in some,,,,,,,,,,2008,22.4,17.7,27.1,24.3,20.1,28.7,24.3,20.1,28.7
Solomon Islands,,,,No,,,,,,,,,,2008,33.6,23.9,43.6,40.4,31.0,49.5,40.4,31.0,49.5
South Africa,No,ZAR,19.18,Yes in most,,,,,,,,,,2008,29.2,21.5,36.3,35.7,28.8,42.3,35.0,25.3,46.3
Spain,No,EUR,2.5,Yes in some,,,,,,,,,,2008,31.0,24.2,37.2,33.3,27.9,40.0,33.3,27.9,40.0
Sri Lanka,,LKR,320.0,Yes in most,,,,,,,,,8.0,2008,11.6,7.4,15.9,15.3,12.5,18.4,45.5,35.8,57.3
Sweden,No,SEK,49.0,Yes in most,,,,,,,,,,2008,18.6,13.7,24.0,25.1,20.7,29.7,41.7,33.2,50.5
Switzerland,No,CHF,6.6,Yes in some,,,,,,,,,,2008,23.8,17.9,29.6,27.1,22.7,31.6,27.1,22.7,31.6
Thailand,,THB,45.0,Yes in some,,,,,,,,,6.0,2008,22.2,18.5,26.0,23.7,20.3,28.2,4.5,3.4,5.8
Timor-Leste,,USD,1.0,No,,,,,,,,,,2008,6.4,3.5,9.5,48.5,38.4,57.9,48.5,38.4,57.9
Togo,,XOF,350.0,No,,,,,,,,,,2008,12.2,7.8,17.3,16.1,10.8,22.6,3.3,2.0,4.5
Tonga,No,TOP,7.3,No,,,,,,,,,,2008,25.7,16.9,34.7,31.7,25.4,38.6,31.7,25.4,38.6
Tunisia,No,TND,1.7,Yes in most,,,,,,,,,,2008,22.8,15.4,31.8,3.4,2.3,4.6,4.5,2.9,6.4
Turkey,No,TRY,3.0,No,,,,,,,,,,2008,30.4,24.9,35.8,32.6,27.0,38.1,32.6,27.0,38.1
Tuvalu,No,AUD,4.5,Yes in most,,,,,,,,,,2008,35.4,25.7,44.6,43.6,29.6,57.6,56.7,39.9,75.7
Uganda,,UGX,1000.0,,,,,,,,,,6.0,2008,19.2,14.7,23.4,22.0,17.2,27.4,26.4,19.9,32.2
Ukraine,No,UAH,2.5,No,,,,,,,,,,2008,31.2,26.4,36.8,32.9,27.4,38.1,32.9,27.4,38.1
United Arab Emirates,,AED,6.5,Yes in some,,,,,,,,,3.0,2008,12.6,7.0,18.5,16.4,11.0,22.0,20.0,12.7,28.7
United Kingdom of Great Britain and Northern Ireland,No,GBP,5.67,Yes in most,,,,,,,,,,2008,26.6,20.9,32.6,30.3,23.6,37.1,30.3,23.6,37.1
United Republic of Tanzania,No,TZS,1400.0,Yes in some,,,,,,,,,,2008,13.0,8.9,17.4,3.0,1.8,4.5,32.6,22.6,42.2
United States of America,,USD,4.58,Yes in some,,,,,,,,,,2008,21.5,18.3,25.0,25.1,20.9,29.8,29.1,24.0,34.8
Uruguay,Yes,UYU,45.0,Yes in some,,,,,,,,,10.0,2008,27.8,22.6,33.3,31.1,26.0,37.1,31.1,26.0,37.1
Uzbekistan,No,UZS,700.0,No,,,,,,,,,,2008,11.9,9.0,15.2,14.4,10.8,18.4,14.4,10.8,18.4
Vanuatu,,VUV,640.0,No,,,,,,,,,,2008,3.0,1.6,4.6,3.6,2.2,5.2,4.2,2.5,6.3
Yemen,No,YER,150.0,No,,,,,,,,,,2008,24.6,11.8,39.2,21.7,13.4,32.3,26.2,14.2,39.2
Zambia,No,ZMK,5500.0,No,,,,,,,,,,2008,13.2,10.5,16.3,27.3,21.8,33.4,29.0,23.4,34.3
Zimbabwe,No,USD,0.4,No,,,,,,,,,6.0,2008,12.9,10.0,16.0,2.1,1.4,3.0,2.1,1.4,3.0
Albania,No,All,150.0,,,,,,,,,,0.0,2010,45.7,35.7,56.7,53.2,42.6,64.9,53.2,42.6,64.9
Algeria,No,DZD,85.0,No,,,,,,,,,1.0,2010,11.7,6.9,17.1,15.5,11.0,19.8,20.0,12.5,29.5
Andorra,,EUR,2.4,No,,,,,,,,,,2010,28.4,16.9,39.0,34.7,25.7,45.0,34.7,25.7,45.0
Argentina,,ARS,5.38,Yes in some,,,,,,,,,,2010,25.3,20.5,29.9,28.0,23.1,33.3,30.1,24.1,37.2
Armenia,,AMD,550.0,Yes in some,,,,,,,,,3.0,2010,28.2,23.5,33.3,30.0,25.6,35.0,30.0,25.6,35.0
Australia,No,AUD,11.98,Yes in most,,,,,,,,,,2010,14.7,9.8,19.4,17.9,15.2,21.0,20.4,17.3,24.2
Austria,No,EUR,4.0,Yes in some,,,,,,,,,5.0,2010,33.8,26.5,40.9,36.1,28.9,43.0,36.1,28.9,43.0
Azerbaijan,,AZN,0.7,No,,,,,,,,,0.0,2010,18.2,12.6,24.9,22.8,16.4,30.7,22.8,16.4,30.7
Bahamas,,BSD,2.69,No,,,,,,,,,,2010,2.9,1.2,4.7,18.4,11.8,26.8,18.4,11.8,26.8
Bahrain,,BHD,0.7,Yes in most,,,,,,,,,,2010,14.3,9.8,19.0,34.4,26.1,44.2,42.2,25.6,59.0
Bangladesh,,BDT,17.0,Yes in some,,,,,,,,,3.0,2010,20.7,16.0,25.3,24.5,20.3,28.8,43.5,35.4,52.7
Barbados,,BBD,11.0,No,,,,,,,,,,2010,10.7,6.5,16.1,2.4,1.5,3.7,2.6,1.6,3.5
Belarus,,BYR,1150.0,Yes in some,,,,,,,,,,2010,28.7,23.7,33.9,31.0,25.8,36.1,31.0,25.8,36.1
Belgium,No,EUR,4.84,Yes in some,,,,,,,,,,2010,25.2,20.0,30.7,27.0,22.1,32.5,27.0,22.1,32.5
Benin,No,XOF,500.0,No,,,,,,,,,6.0,2010,5.0,3.4,6.4,13.6,10.6,17.3,17.6,14.1,21.3
Bosnia and Herzegovina,,BAM,2.3,Yes in most,,,,,,,,,,2010,33.6,24.5,42.7,41.4,30.6,52.6,41.4,30.6,52.6
Botswana,,BWP,18.0,Yes in some,,,,,,,,,,2010,25.3,16.4,34.3,32.1,23.7,40.4,26.4,20.8,33.0
Brazil,No,BRL,3.25,Yes in some,,,,,,,,,6.0,2010,15.3,12.0,18.4,17.3,14.2,20.7,22.3,16.5,27.9
Brunei Darussalam,No,BND,2.24,Yes in some,,,,,,,,,5.0,2010,2.7,1.6,3.8,28.9,22.4,36.3,28.9,22.4,36.3
Bulgaria,No,BGN,4.12,Yes in some,,,,,,,,,,2010,39.6,31.8,47.1,43.1,35.4,51.7,43.1,35.4,51.7
Burkina Faso,No,XOF,500.0,No,,,,,,,,,,2010,10.8,8.1,13.8,24.4,18.7,30.3,20.4,15.0,26.1
Burundi,,BIF,800.0,No,,,,,,,,,,2010,17.0,10.5,23.7,2.7,1.6,4.1,22.3,15.7,28.9
Cambodia,,USD,0.33,Yes in some,,,,,,,,,,2010,3.4,2.8,4.1,3.7,3.0,4.3,30.6,25.1,36.3
Cameroon,No,XAF,500.0,Yes in some,,,,,,,,,2.0,2010,15.0,11.2,19.6,15.0,11.2,19.6,17.5,13.3,21.6
Canada,No,CAD,8.68,Yes in most,,,,,,,,,10.0,2010,17.6,14.9,20.5,18.2,15.4,21.2,24.7,19.8,30.0
Chad,No,XAF,500.0,No,,,,,,,,,0.0,2010,12.4,8.7,16.2,18.0,12.7,23.3,22.2,14.6,29.5
Chile,Yes,CLP,1188.0,Yes in some,,,,,,,,,5.0,2010,37.1,29.7,45.3,48.3,35.5,63.0,48.3,35.5,63.0
China,,CNY,7.57,Yes in some,,,,,,,,,2.0,2010,24.4,19.6,29.2,26.6,21.9,31.5,26.6,21.9,31.5
Colombia,Yes,COP,1880.0,Yes in some,,,,,,,,,6.0,2010,5.1,3.9,6.6,16.2,12.5,20.9,16.2,12.5,20.9
Comoros,,KMF,500.0,,,,,,,,,,3.0,2010,21.1,16.0,26.3,25.4,19.6,31.9,26.6,19.9,33.6
Congo,,XAF,500.0,No,,,,,,,,,,2010,17.9,12.0,23.4,10.3,8.4,12.4,2.7,1.8,3.6
Cook Islands,No,NZD,8.2,Yes in most,,,,,,,,,5.0,2010,26.3,15.9,35.1,32.7,25.4,40.1,32.7,25.4,40.1
Costa Rica,,CRC,800.0,Yes in some,,,,,,,,,8.0,2010,17.0,13.0,21.3,19.0,14.1,23.7,19.0,14.1,23.7
Croatia,No,HRK,18.0,Yes in some,,,,,,,,,5.0,2010,32.2,23.9,39.4,35.6,29.3,42.9,35.6,29.3,42.9
Cuba,No,,,Yes in most,,,,,,,,,0.0,2010,24.8,17.0,33.7,34.4,22.6,47.4,34.4,22.6,47.4
Cyprus,No,EUR,2.82,Yes in some,,,,,,,,,8.0,2010,31.6,24.0,39.3,38.8,29.5,48.2,38.8,29.5,48.2
Czechia,No,CZK,63.0,Yes in some,,,,,,,,,5.0,2010,28.0,22.7,33.4,32.9,27.8,39.1,32.9,27.8,39.1
Côte d’Ivoire,No,XOF,700.0,No,,,,,,,,,0.0,2010,11.8,6.6,17.3,14.5,8.2,21.9,2.7,1.0,5.2
Democratic People's Republic of Korea,No,,,Yes in most,,,,,,,,,,2010,16.4,10.3,23.2,19.8,15.0,26.0,19.8,15.0,26.0
Denmark,No,DKK,37.0,Yes in some,,,,,,,,,,2010,23.0,18.6,27.4,25.3,21.1,30.3,25.3,21.1,30.3
Dominican Republic,No,DOP,120.0,No,,,,,,,,,8.0,2010,7.0,5.3,8.8,12.6,7.9,17.9,12.6,7.9,17.9
Egypt,Yes,EGP,4.0,Yes in some,,,,,,,,,2.0,2010,16.7,13.1,20.8,21.2,17.7,25.5,21.2,17.7,25.5
El Salvador,No,USD,1.75,Yes in some,,,,,,,,,1.0,2010,18.2,12.3,27.3,2.9,1.6,4.2,26.9,18.3,39.1
Eritrea,No,ERN,30.0,No,,,,,,,,,,2010,11.1,6.5,15.4,13.5,9.6,17.6,18.0,12.0,24.1
Estonia,No,EEK,31.91,Yes in some,,,,,,,,,6.0,2010,31.2,24.1,37.7,34.7,29.2,40.6,34.7,29.2,40.6
Eswatini,,SZL,27.5,No,,,,,,,,,,2010,14.9,11.4,18.3,2.1,1.4,2.8,18.9,14.4,22.9
Ethiopia,,ETB,7.0,No,,,,,,,,,,2010,3.4,2.6,4.2,4.0,3.1,4.8,5.5,4.2,6.9
Fiji,,,,No,,,,,,,,,,2010,23.5,13.5,35.3,29.0,19.6,40.8,29.0,19.6,40.8
Finland,No,EUR,4.32,Yes in most,,,,,,,,,10.0,2010,20.6,15.8,25.2,23.4,19.3,27.2,23.4,19.3,27.2
France,No,EUR,5.6,Yes in some,,,,,,,,,,2010,31.4,24.4,38.8,34.5,28.0,40.7,34.5,28.0,40.7
Gambia,No,GMD,10.0,No,,,,,,,,,,2010,12.9,9.3,17.1,17.1,12.4,22.7,2.4,1.6,3.2
Georgia,No,GEL,1.8,No,,,,,,,,,,2010,5.2,4.0,6.4,5.6,4.4,6.9,5.6,4.4,6.9
Germany,No,EUR,4.95,Yes in some,,,,,,,,,8.0,2010,28.1,22.9,33.9,30.3,25.6,35.7,30.3,25.6,35.7
Ghana,No,GHS,2.0,Yes in some,,,,,,,,,,2010,3.3,2.3,4.3,4.4,3.1,5.8,4.7,3.5,6.0
Greece,No,EUR,3.2,Yes in some,,,,,,,,,5.0,2010,39.4,30.2,48.6,43.4,34.6,53.4,43.4,34.6,53.4
Guyana,,GYD,300.0,Yes in some,,,,,,,,,2.0,2010,3.2,2.1,4.2,3.2,2.1,4.2,3.2,2.1,4.2
Haiti,,,,No,,,,,,,,,,2010,3.2,2.3,4.2,4.3,0.0,0.0,4.3,0.0,0.0
Hungary,No,HUF,610.5,Yes in some,,,,,,,,,,2010,32.1,25.4,39.0,34.2,28.4,41.1,34.2,28.4,41.1
Iceland,No,ISK,900.0,Yes in some,,,,,,,,,10.0,2010,15.4,9.8,21.2,19.4,14.6,24.1,19.4,14.6,24.1
India,Yes,INR,70.0,Yes in some,,,,,,,,,5.0,2010,12.7,10.1,15.3,23.3,18.6,27.9,34.8,27.5,43.4
Indonesia,,IDR,13125.0,Yes in some,,,,,,,,,1.0,2010,30.8,25.1,37.0,30.8,25.1,37.0,68.7,56.0,81.5
Iran (Islamic Republic of),Yes,IRR,4739.0,Yes in some,,,,,,,,,8.0,2010,10.5,7.9,13.7,2.4,1.8,3.1,28.9,23.8,35.0
Iraq,,IQD,500.0,No,,,,,,,,,,2010,2.5,1.2,4.0,36.3,26.8,47.1,43.1,31.9,54.4
Ireland,No,EUR,8.55,Yes in some,,,,,,,,,10.0,2010,25.1,20.8,30.3,28.2,22.3,34.1,28.2,22.3,34.1
Israel,No,ILS,21.0,Yes in some,,,,,,,,,8.0,2010,23.7,18.9,28.5,27.8,21.6,34.1,27.8,21.6,34.1
Italy,No,EUR,3.7,Yes in some,,,,,,,,,,2010,23.9,20.2,27.8,24.7,21.1,28.6,24.7,21.1,28.6
Jamaica,,JMD,580.0,Yes in most,,,,,,,,,,2010,17.8,11.9,22.7,22.1,13.7,33.4,22.1,13.7,33.4
Japan,No,JPY,300.0,Yes in some,,,,,,,,,,2010,25.4,21.4,30.1,26.4,22.3,30.7,26.4,22.3,30.7
Kazakhstan,No,KZT,100.0,,,,,,,,,,4.0,2010,44.5,36.2,53.3,47.8,39.6,56.6,47.8,39.6,56.6
Kenya,No,KES,100.0,Yes in some,,,,,,,,,,2010,10.2,8.3,12.4,12.5,9.9,15.2,25.1,19.8,29.8
Kiribati,,AUD,6.4,Yes in most,,,,,,,,,,2010,46.9,27.6,65.5,58.1,44.9,72.0,58.1,44.9,72.0
Kuwait,,KWD,0.47,Yes in most,,,,,,,,,,2010,15.4,9.3,21.1,3.4,2.5,4.3,4.5,3.2,5.9
Kyrgyzstan,Yes,KGS,23.0,Yes in most,,,,,,,,,5.0,2010,3.4,2.5,4.5,4.0,2.8,5.2,4.0,2.8,5.2
Lao People's Democratic Republic,No,LAK,5000.0,No,,,,,,,,,,2010,47.1,36.5,59.4,33.8,27.7,41.3,47.0,36.0,58.4
Latvia,,LVL,1.52,Yes in some,,,,,,,,,8.0,2010,33.9,26.3,41.4,38.4,32.4,45.2,38.4,32.4,45.2
Lebanon,No,LBP,2250.0,No,,,,,,,,,2.0,2010,28.3,21.6,34.9,34.1,25.5,42.8,42.9,29.7,56.9
Lesotho,,LSL,28.0,Yes in most,,,,,,,,,,2010,17.9,13.8,22.2,23.0,17.5,29.7,45.3,35.4,54.5
Liberia,,LRD,50.0,Yes in some,,,,,,,,,,2010,15.0,9.0,21.6,16.0,13.0,19.8,17.7,13.5,22.3
Lithuania,No,LTL,7.6,Yes in some,,,,,,,,,8.0,2010,27.9,22.2,33.9,30.8,25.7,36.5,30.8,25.7,36.5
Luxembourg,No,EUR,3.68,Yes in some,,,,,,,,,,2010,22.7,18.3,27.4,24.9,20.7,29.6,24.9,20.7,29.6
Madagascar,No,MGA,2000.0,No,,,,,,,,,,2010,15.8,12.4,20.1,22.2,14.9,29.9,34.0,26.5,43.9
Malawi,,,,No,,,,,,,,,,2010,2.3,1.3,3.4,24.0,19.7,28.9,26.8,21.9,32.4
Malaysia,,MYR,10.0,Yes in some,,,,,,,,,,2010,20.9,15.2,26.8,24.5,19.6,29.6,24.5,19.6,29.6
Mali,No,XOF,700.0,No,,,,,,,,,,2010,18.1,13.9,22.3,2.3,1.3,3.5,2.3,1.3,3.5
Malta,,EUR,4.0,Yes in some,,,,,,,,,5.0,2010,25.5,19.9,31.7,28.6,23.4,34.4,28.6,23.4,34.4
Mauritius,,MUR,75.0,Yes in some,,,,,,,,,5.0,2010,3.5,2.6,4.2,4.1,3.1,5.0,52.2,35.7,71.9
Mexico,No,MXN,30.0,Yes in most,,,,,,,,,4.0,2010,24.6,20.0,29.2,26.7,22.5,32.0,26.7,22.5,32.0
Mongolia,No,MNT,800.0,Yes in some,,,,,,,,,3.0,2010,40.8,27.9,55.3,49.8,39.9,59.6,55.5,42.6,68.8
Morocco,No,MAD,17.5,Yes in most,,,,,,,,,,2010,13.8,10.6,17.3,16.4,13.0,20.0,18.0,14.3,22.8
Mozambique,No,MZN,20.0,No,,,,,,,,,,2010,2.1,1.1,3.1,32.0,22.4,41.0,30.5,24.3,37.8
Myanmar,,MMK,650.0,Yes in some,,,,,,,,,2.0,2010,36.6,27.1,45.8,44.7,36.0,55.9,52.5,41.4,64.3
Namibia,No,NAD,26.95,No,,,,,,,,,,2010,21.9,17.1,26.9,21.5,16.6,27.6,20.4,4.7,8.1
Nauru,No,AUD,4.96,No,,,,,,,,,,2010,41.7,24.9,58.1,51.1,37.9,65.4,59.5,45.4,75.1
Nepal,Yes,NPR,85.0,Yes in some,,,,,,,,,5.0,2010,24.2,19.6,29.0,27.3,22.6,32.8,43.4,34.4,52.0
Netherlands,No,EUR,5.05,Yes in most,,,,,,,,,,2010,23.1,17.5,29.2,27.0,22.6,31.6,27.0,22.6,31.6
New Zealand,No,NZD,10.0,Yes in most,,,,,,,,,7.0,2010,19.1,16.1,22.4,20.1,16.9,23.2,20.1,16.9,23.2
Niger,,XOF,400.0,No,,,,,,,,,3.0,2010,11.3,8.2,14.2,13.2,10.4,15.5,15.0,11.7,18.2
Nigeria,,NGN,200.0,Yes in some,,,,,,,,,7.0,2010,4.2,2.9,5.5,4.9,3.8,6.0,10.5,8.3,13.6
Norway,No,NOK,81.0,Yes in some,,,,,,,,,10.0,2010,21.3,14.3,28.0,26.8,23.0,31.5,18.2,15.4,21.2
Oman,,OMR,0.65,No,,,,,,,,,,2010,10.9,8.3,14.2,14.4,11.5,17.5,18.2,14.0,24.0
Pakistan,,PKR,28.1,Yes in some,,,,,,,,,1.0,2010,28.8,22.0,37.3,37.7,28.6,46.5,27.1,20.5,34.0
Palau,,USD,3.5,Yes in some,,,,,,,,,8.0,2010,25.2,14.5,35.3,21.1,15.1,26.9,27.7,18.0,38.4
Panama,Yes,USD,3.25,Yes in some,,,,,,,,,9.0,2010,2.7,1.9,3.4,3.1,2.4,3.8,16.4,11.7,22.5
Paraguay,,PYG,1300.0,Yes in some,,,,,,,,,10.0,2010,24.2,15.9,33.4,29.1,22.8,36.4,29.1,22.8,36.4
Peru,Yes,PEN,4.5,No,,,,,,,,,,2010,24.5,18.5,31.0,26.8,19.5,33.8,26.8,19.5,33.8
Philippines,No,PHP,13.95,Yes in some,,,,,,,,,4.0,2010,43.6,34.5,51.8,47.8,39.6,56.4,47.8,39.6,56.4
Poland,No,PLN,7.95,Yes in some,,,,,,,,,2.0,2010,29.4,24.4,35.1,31.6,26.0,37.6,31.6,26.0,37.6
Portugal,No,EUR,3.5,Yes in some,,,,,,,,,,2010,23.5,17.8,29.0,26.4,21.6,31.4,26.4,21.6,31.4
Qatar,No,QAR,6.0,Yes in some,,,,,,,,,,2010,10.1,6.4,13.6,12.4,9.1,15.7,14.5,11.3,18.1
Republic of Korea,,KRW,2500.0,Yes in some,,,,,,,,,5.0,2010,45.0,38.4,54.0,47.4,39.7,54.9,47.4,39.7,54.9
Republic of Moldova,,MDL,9.0,No,,,,,,,,,3.0,2010,39.6,31.7,48.2,44.0,36.1,53.8,44.0,36.1,53.8
Romania,No,RON,9.9,Yes in some,,,,,,,,,5.0,2010,28.4,22.7,34.3,31.6,26.5,37.6,31.6,26.5,37.6
Russian Federation,No,RUB,31.0,Yes in some,,,,,,,,,,2010,30.1,25.0,35.2,30.6,25.7,35.1,30.6,25.7,35.1
Rwanda,,RWF,500.0,No,,,,,,,,,,2010,15.7,11.3,20.5,22.7,16.9,29.2,23.1,17.8,28.9
Samoa,No,WST,8.0,No,,,,,,,,,5.0,2010,27.1,19.6,34.6,33.5,25.5,43.0,33.5,25.5,43.0
Sao Tome and Principe,,STD,20000.0,No,,,,,,,,,,2010,4.0,2.6,5.8,4.6,3.3,5.7,5.7,4.3,7.4
Saudi Arabia,,SAR,7.0,Yes in most,,,,,,,,,,2010,17.8,12.2,23.8,2.2,1.5,3.1,2.9,1.7,4.4
Senegal,No,XOF,400.0,Yes in some,,,,,,,,,0.0,2010,14.8,11.9,18.3,17.1,14.1,20.6,11.2,8.1,14.9
Serbia,,RSD,75.0,Yes in some,,,,,,,,,10.0,2010,38.0,29.0,46.9,42.7,34.3,51.0,42.7,34.3,51.0
Seychelles,No,SCR,74.0,No,,,,,,,,,10.0,2010,33.2,24.9,41.0,37.9,29.7,46.7,38.1,29.8,46.9
Sierra Leone,,SLL,1600.0,No,,,,,,,,,,2010,34.2,26.3,42.8,25.7,20.7,31.3,25.7,20.7,31.3
Singapore,No,SGD,11.6,Yes in most,,,,,,,,,8.0,2010,24.7,19.6,30.0,27.7,22.4,33.5,27.7,22.4,33.5
Slovakia,No,EUR,2.42,No,,,,,,,,,5.0,2010,26.9,19.2,33.9,31.9,25.4,39.3,31.9,25.4,39.3
Slovenia,No,EUR,2.5,Yes in some,,,,,,,,,7.0,2010,22.0,17.5,26.5,23.8,19.6,28.1,23.8,19.6,28.1
Solomon Islands,No,,,No,,,,,,,,,,2010,32.8,24.3,41.1,39.5,31.9,49.2,39.5,31.9,49.2
South Africa,No,ZAR,24.83,Yes in most,,,,,,,,,,2010,29.1,22.2,37.1,35.2,28.9,42.6,33.9,24.9,45.8
Spain,No,EUR,3.4,Yes in some,,,,,,,,,8.0,2010,29.5,23.8,35.9,31.6,26.4,37.4,31.6,26.4,37.4
Sri Lanka,,LKR,380.0,Yes in most,,,,,,,,,5.0,2010,11.2,7.0,15.7,14.8,11.6,17.9,4.6,3.0,6.4
Sweden,No,SEK,50.0,Yes in most,,,,,,,,,,2010,16.6,12.2,21.5,22.6,18.7,26.7,37.6,30.4,45.6
Switzerland,No,CHF,7.2,Yes in some,,,,,,,,,,2010,23.3,17.5,28.8,26.6,22.1,31.1,26.6,22.1,31.1
Thailand,,THB,58.0,Yes in most,,,,,,,,,8.0,2010,21.3,17.6,24.8,22.7,19.1,26.5,4.1,3.1,5.2
Timor-Leste,,USD,1.25,No,,,,,,,,,5.0,2010,5.8,3.5,8.5,45.6,37.2,55.1,45.6,37.2,55.1
Togo,No,XOF,380.0,No,,,,,,,,,,2010,11.6,8.1,16.2,15.3,10.6,20.6,2.7,1.7,3.7
Tonga,No,TOP,7.3,No,,,,,,,,,,2010,25.3,16.0,34.4,31.3,24.8,38.7,31.3,24.8,38.7
Tunisia,No,TND,1.9,Yes in most,,,,,,,,,,2010,21.4,14.1,28.9,26.9,20.7,32.9,4.0,2.5,5.6
Turkey,No,TRY,4.5,Yes in some,,,,,,,,,8.0,2010,29.4,23.8,34.5,31.7,26.7,37.2,31.7,26.7,37.2
Tuvalu,No,AUD,6.0,Yes in most,,,,,,,,,5.0,2010,34.0,23.9,44.0,41.7,29.5,55.2,54.4,39.7,74.7
Uganda,,UGX,1500.0,,,,,,,,,,6.0,2010,16.7,13.4,20.7,19.1,15.4,23.5,22.8,18.1,27.5
Ukraine,Yes,UAH,5.5,No,,,,,,,,,5.0,2010,29.3,24.1,34.1,30.7,25.9,35.4,30.7,25.9,35.4
United Arab Emirates,Yes,AED,7.0,Yes in some,,,,,,,,,7.0,2010,12.1,6.9,18.3,15.8,10.6,21.4,19.4,12.2,27.3
United Kingdom of Great Britain and Northern Ireland,No,GBP,6.29,Yes in most,,,,,,,,,10.0,2010,22.2,18.6,26.1,25.4,20.8,30.0,25.4,20.8,30.0
United Republic of Tanzania,No,TZS,2500.0,Yes in some,,,,,,,,,,2010,11.6,8.0,15.1,2.7,1.6,3.8,29.7,22.0,37.2
United States of America,No,USD,5.72,Yes in some,,,,,,,,,,2010,20.3,16.7,23.4,23.6,19.7,27.8,27.9,23.0,32.8
Uruguay,Yes,UYU,70.0,Yes in most,,,,,,,,,10.0,2010,25.2,20.4,30.2,28.3,23.2,33.1,28.3,23.2,33.1
Uzbekistan,No,UZS,1100.0,No,,,,,,,,,5.0,2010,11.3,8.3,14.6,13.8,10.3,18.0,13.8,10.3,18.0
Vanuatu,,VUV,653.0,No,,,,,,,,,,2010,2.8,1.4,4.2,3.4,2.2,4.9,3.9,2.4,5.7
Yemen,No,YER,180.0,No,,,,,,,,,,2010,23.4,12.4,39.7,30.4,18.5,44.6,24.5,13.4,37.0
Zambia,No,ZMK,8000.0,No,,,,,,,,,3.0,2010,12.7,10.1,15.2,26.5,21.4,31.6,27.8,22.9,33.5
Zimbabwe,No,USD,0.5,No,,,,,,,,,2.0,2010,12.4,9.8,15.4,15.6,12.0,19.3,15.6,12.0,19.3
Albania,No,All,170.0,Yes in some,,,,,,,,,3.0,2012,44.9,34.8,55.6,52.3,40.3,64.4,52.3,40.3,64.4
Algeria,No,DZD,85.0,No,,,,,,,,,1.0,2012,11.6,6.8,16.7,15.2,11.3,19.7,19.8,12.4,28.2
Andorra,,EUR,3.1,No,,,,,,,,,,2012,28.3,16.8,39.4,34.5,24.7,45.1,34.5,24.7,45.1
Argentina,Yes,ARS,8.0,Yes in some,,,,,,,,,5.0,2012,23.6,19.0,28.4,26.0,21.5,31.4,27.8,21.9,34.4
Armenia,,AMD,600.0,Yes in some,,,,,,,,,3.0,2012,27.3,22.0,31.8,29.1,24.2,33.8,29.1,24.2,33.8
Australia,No,AUD,13.63,Yes in most,,,,,,,,,,2012,13.7,9.3,18.2,16.8,13.9,19.6,19.3,16.3,22.8
Austria,No,EUR,4.5,Yes in some,,,,,,,,,5.0,2012,31.9,25.8,38.8,34.2,27.5,41.1,34.2,27.5,41.1
Azerbaijan,,AZN,1.1,No,,,,,,,,,7.0,2012,17.5,12.5,23.4,21.9,15.3,29.8,21.9,15.3,29.8
Bahamas,,BSD,5.0,Yes in some,,,,,,,,,,2012,2.8,1.1,4.4,18.5,11.6,26.7,18.5,11.6,26.7
Bahrain,,BHD,1.0,Yes in most,,,,,,,,,,2012,14.1,9.2,19.2,34.2,23.2,45.1,42.0,25.6,59.9
Bangladesh,,BDT,28.0,Yes in some,,,,,,,,,3.0,2012,19.9,15.4,24.3,23.4,18.9,27.4,42.3,34.7,51.0
Barbados,,BBD,11.29,No,,,,,,,,,,2012,10.5,5.9,15.7,2.3,1.3,3.4,2.5,1.5,3.5
Belarus,,BYR,3050.0,Yes in some,,,,,,,,,,2012,27.6,23.0,32.8,29.7,25.0,35.0,29.7,25.0,35.0
Belgium,No,EUR,5.26,Yes in some,,,,,,,,,8.0,2012,24.7,18.9,30.4,26.5,21.3,32.1,26.5,21.3,32.1
Benin,No,XOF,500.0,No,,,,,,,,,3.0,2012,4.7,3.3,6.1,13.0,10.1,16.3,2.8,2.0,3.8
Bosnia and Herzegovina,,BAM,2.8,Yes in most,,,,,,,,,,2012,32.9,24.0,42.3,40.6,29.7,53.0,40.6,29.7,53.0
Botswana,,BWP,25.0,Yes in some,,,,,,,,,,2012,25.4,16.5,34.5,32.5,24.7,41.6,25.6,20.3,31.7
Brazil,No,BRL,4.25,Yes in some,,,,,,,,,8.0,2012,14.4,11.2,17.7,16.2,13.0,19.9,20.7,14.9,26.4
Brunei Darussalam,No,BND,7.4,Yes in some,,,,,,,,,7.0,2012,2.5,1.5,3.4,28.9,22.3,35.8,28.9,22.3,35.8
Bulgaria,No,BGN,4.6,Yes in some,,,,,,,,,,2012,38.4,29.6,46.2,42.0,34.6,50.7,42.0,34.6,50.7
Burkina Faso,No,XOF,500.0,No,,,,,,,,,0.0,2012,10.6,7.6,13.6,2.9,1.7,4.3,19.1,14.4,24.5
Burundi,,BIF,800.0,No,,,,,,,,,,2012,16.2,10.5,22.2,19.1,12.5,26.0,21.4,15.2,27.7
Cambodia,,KHR,1700.0,Yes in some,,,,,,,,,,2012,2.9,2.3,3.4,3.2,2.6,3.8,46.9,38.5,55.5
Cameroon,No,XAF,500.0,Yes in some,,,,,,,,,5.0,2012,14.9,10.8,19.4,14.9,10.8,19.4,17.5,13.6,21.9
Canada,No,CAD,8.49,Yes in most,,,,,,,,,10.0,2012,16.1,13.4,18.8,16.7,14.2,19.4,22.6,17.7,27.4
Chad,No,XAF,500.0,No,,,,,,,,,,2012,12.3,9.2,16.1,17.9,11.9,23.4,21.9,15.5,30.4
Chile,Yes,CLP,1635.0,Yes in some,,,,,,,,,5.0,2012,36.4,29.1,44.9,47.2,33.2,61.7,47.2,33.2,61.7
China,,CNY,10.57,Yes in some,,,,,,,,,3.0,2012,24.0,19.1,28.7,26.1,21.0,30.7,26.1,21.0,30.7
Colombia,Yes,COP,2269.0,Yes in some,,,,,,,,,,2012,4.6,3.5,5.9,14.9,12.0,18.8,14.9,12.0,18.8
Comoros,No,KMF,500.0,No,,,,,,,,,5.0,2012,20.3,15.5,25.8,24.6,18.7,31.0,24.4,18.4,31.0
Congo,No,XAF,500.0,No,,,,,,,,,,2012,19.0,13.1,25.7,10.9,8.6,13.0,2.5,1.8,3.4
Cook Islands,No,NZD,12.0,Yes in most,,,,,,,,,7.0,2012,24.9,15.6,33.8,31.1,24.8,38.7,31.1,24.8,38.7
Costa Rica,Yes,CRC,1300.0,Yes in some,,,,,,,,,8.0,2012,15.9,12.3,20.9,17.7,13.0,21.9,17.7,13.0,21.9
Croatia,No,HRK,20.0,Yes in some,,,,,,,,,7.0,2012,32.2,24.6,39.9,35.8,29.0,42.9,35.8,29.0,42.9
Cuba,No,CUP,7.0,Yes in most,,,,,,,,,4.0,2012,23.3,15.3,31.3,32.3,21.0,46.4,32.3,21.0,46.4
Cyprus,No,EUR,3.75,Yes in some,,,,,,,,,8.0,2012,31.3,23.9,39.1,38.3,28.4,47.2,38.3,28.4,47.2
Czechia,No,CZK,68.0,Yes in some,,,,,,,,,8.0,2012,27.7,22.6,33.4,32.5,27.1,38.9,32.5,27.1,38.9
Côte d’Ivoire,No,XOF,700.0,No,,,,,,,,,6.0,2012,11.4,6.6,16.5,13.9,8.3,21.4,2.4,0.8,4.6
Democratic People's Republic of Korea,No,,,Yes in most,,,,,,,,,,2012,16.1,10.2,21.8,19.5,14.8,24.8,19.5,14.8,24.8
Denmark,No,DKK,40.0,Yes in some,,,,,,,,,,2012,21.2,17.2,25.1,23.4,19.5,27.5,23.4,19.5,27.5
Dominican Republic,No,DOP,130.0,No,,,,,,,,,0.0,2012,6.3,4.6,8.0,13.8,8.6,18.9,13.8,8.6,18.9
Egypt,Yes,EGP,6.0,Yes in some,,,,,,,,,3.0,2012,17.1,13.7,21.0,21.1,17.4,25.2,21.1,17.4,25.2
El Salvador,,USD,1.95,Yes in some,,,,,,,,,,2012,2.1,1.1,3.1,2.7,1.4,4.0,25.8,16.4,37.6
Eritrea,No,ERN,40.0,No,,,,,,,,,,2012,10.5,6.4,15.3,12.9,9.0,17.3,17.0,11.4,23.3
Estonia,No,EUR,3.1,Yes in some,,,,,,,,,7.0,2012,30.2,24.0,37.0,33.6,27.6,39.4,33.6,27.6,39.4
Eswatini,,,,No,,,,,,,,,,2012,15.0,10.7,19.2,16.3,12.7,21.1,18.9,14.5,23.3
Ethiopia,,ETB,8.0,No,,,,,,,,,,2012,3.2,2.5,3.9,3.8,2.9,4.6,5.2,4.0,6.5
Fiji,,FJD,7.2,Yes in some,,,,,,,,,8.0,2012,36.5,20.3,54.7,28.5,17.8,39.6,28.5,17.8,39.6
Finland,No,EUR,4.89,Yes in most,,,,,,,,,10.0,2012,19.7,15.1,24.4,22.3,18.6,26.2,22.3,18.6,26.2
France,No,EUR,6.2,Yes in some,,,,,,,,,,2012,31.4,23.9,39.1,34.5,27.9,41.8,34.5,27.9,41.8
Gambia,No,GMD,15.0,No,,,,,,,,,,2012,12.4,9.0,16.4,16.6,11.6,21.5,2.1,1.5,2.9
Georgia,No,GEL,1.9,No,,,,,,,,,0.0,2012,5.0,3.9,6.5,5.5,4.1,6.8,5.5,4.1,6.8
Germany,No,EUR,5.26,Yes in some,,,,,,,,,7.0,2012,27.7,22.7,33.4,29.7,25.0,34.9,29.7,25.0,34.9
Ghana,No,GHS,2.0,No,,,,,,,,,,2012,3.1,2.1,4.2,4.1,2.8,5.5,4.4,3.2,5.8
Greece,No,EUR,3.7,Yes in some,,,,,,,,,,2012,38.3,29.6,47.1,42.1,33.8,51.2,42.1,33.8,51.2
Guyana,,GYD,300.0,Yes in some,,,,,,,,,5.0,2012,2.9,2.1,3.9,2.9,2.1,3.9,2.9,2.1,3.9
Haiti,,,,No,,,,,,,,,,2012,3.0,2.0,3.8,4.0,0.0,0.0,4.0,0.0,0.0
Hungary,No,HUF,757.9,Yes in some,,,,,,,,,10.0,2012,31.1,24.4,38.5,33.5,26.9,39.9,33.5,26.9,39.9
Iceland,No,ISK,998.0,Yes in some,,,,,,,,,10.0,2012,14.1,9.1,19.9,17.8,13.6,22.6,17.8,13.6,22.6
India,Yes,INR,98.0,Yes in some,,,,,,,,,5.0,2012,12.5,9.8,15.0,2.6,2.0,3.2,32.6,25.8,39.8
Indonesia,No,IDR,16667.0,Yes in some,,,,,,,,,3.0,2012,30.8,25.3,36.8,30.8,25.3,36.8,69.3,56.6,83.0
Iran (Islamic Republic of),Yes,IRR,12000.0,Yes in some,,,,,,,,,9.0,2012,10.0,7.5,12.6,2.1,1.6,2.7,27.7,23.0,33.8
Iraq,Yes,IQD,500.0,No,,,,,,,,,4.0,2012,2.1,1.0,3.5,3.7,2.2,5.3,4.7,2.9,6.6
Ireland,No,EUR,9.1,Yes in some,,,,,,,,,,2012,24.1,19.5,28.7,26.9,21.6,32.8,26.9,21.6,32.8
Israel,No,ILS,23.0,Yes in some,,,,,,,,,,2012,23.2,17.9,28.6,27.2,20.6,33.6,27.2,20.6,33.6
Italy,No,EUR,5.0,Yes in some,,,,,,,,,,2012,23.6,19.9,27.7,24.3,20.6,28.5,24.3,20.6,28.5
Jamaica,,JMD,660.0,Yes in most,,,,,,,,,,2012,16.9,10.8,22.2,20.8,12.7,31.4,20.8,12.7,31.4
Japan,No,JPY,410.0,Yes in some,,,,,,,,,,2012,24.2,20.2,28.2,25.1,20.7,29.2,25.1,20.7,29.2
Kazakhstan,Yes,KZT,130.0,Yes in some,,,,,,,,,,2012,42.9,34.4,52.1,46.3,37.7,56.4,46.3,37.7,56.4
Kenya,No,KES,90.0,Yes in some,,,,,,,,,,2012,18.9,15.2,22.8,11.9,9.0,14.6,24.0,19.5,28.5
Kiribati,,AUD,4.8,No,,,,,,,,,,2012,45.5,26.7,64.0,56.7,41.9,70.4,56.7,41.9,70.4
Kuwait,Yes,KWD,0.65,Yes in most,,,,,,,,,4.0,2012,15.2,9.5,21.3,3.0,2.2,3.8,4.2,3.1,5.5
Kyrgyzstan,Yes,KGS,24.0,Yes in most,,,,,,,,,,2012,3.3,2.2,4.2,3.8,2.7,5.1,3.8,2.7,5.1
Lao People's Democratic Republic,No,LAK,6000.0,No,,,,,,,,,,2012,45.2,35.3,56.5,54.7,43.7,67.0,44.4,33.9,55.4
Latvia,,LVL,1.8,Yes in some,,,,,,,,,,2012,33.7,26.0,41.7,37.9,31.4,44.9,37.9,31.4,44.9
Lebanon,No,LBP,2750.0,No,,,,,,,,,8.0,2012,27.7,20.7,34.7,34.1,26.3,42.8,42.9,30.8,57.1
Lesotho,,LSL,32.0,Yes in most,,,,,,,,,6.0,2012,19.1,14.8,23.5,24.5,18.3,31.8,47.6,38.1,58.4
Liberia,,LRD,65.0,Yes in some,,,,,,,,,,2012,14.5,8.7,20.9,15.4,12.1,18.7,2.7,1.8,3.8
Lithuania,No,LTL,8.5,Yes in some,,,,,,,,,8.0,2012,27.0,21.2,33.0,29.8,24.8,35.3,29.8,24.8,35.3
Luxembourg,No,EUR,4.6,Yes in some,,,,,,,,,,2012,21.9,17.4,26.2,24.0,19.8,28.6,24.0,19.8,28.6
Madagascar,No,MGA,2000.0,No,,,,,,,,,3.0,2012,15.6,12.3,19.9,21.7,15.1,29.4,32.5,24.3,41.2
Malawi,,MWK,500.0,No,,,,,,,,,,2012,19.8,15.6,23.5,22.4,18.2,26.4,24.9,20.5,30.7
Malaysia,,MYR,10.0,Yes in some,,,,,,,,,,2012,20.2,14.5,25.6,23.8,18.8,29.0,23.8,18.8,29.0
Mali,No,XOF,700.0,No,,,,,,,,,,2012,18.1,14.1,22.4,2.1,1.1,3.0,2.1,1.1,3.0
Malta,,EUR,4.2,Yes in some,,,,,,,,,8.0,2012,24.7,18.8,30.5,27.8,22.1,33.8,27.8,22.1,33.8
Mauritius,,MUR,105.0,Yes in some,,,,,,,,,5.0,2012,3.4,2.7,4.3,4.0,3.0,5.1,50.9,31.7,70.0
Mexico,No,MXN,40.0,Yes in most,,,,,,,,,5.0,2012,23.2,19.1,27.5,25.2,21.3,30.2,25.2,21.3,30.2
Mongolia,No,MNT,800.0,Yes in some,,,,,,,,,,2012,39.7,24.3,51.8,48.6,38.7,58.3,53.7,42.3,66.4
Morocco,No,MAD,17.5,Yes in most,,,,,,,,,5.0,2012,13.2,10.1,17.1,15.7,12.3,19.5,17.1,13.6,21.1
Mozambique,No,MZN,25.0,No,,,,,,,,,5.0,2012,2.0,1.1,2.9,30.7,21.9,40.4,28.6,22.8,35.5
Myanmar,,MMK,650.0,Yes in some,,,,,,,,,5.0,2012,3.8,2.0,5.7,42.3,33.3,52.5,50.5,39.6,61.9
Namibia,No,NAD,29.49,Yes in some,,,,,,,,,2.0,2012,22.2,16.9,27.3,21.4,15.4,27.0,19.6,4.1,7.2
Nauru,No,,,No,,,,,,,,,,2012,40.6,24.7,56.8,49.9,37.0,63.6,57.5,43.3,73.4
Nepal,Yes,NPR,95.0,Yes in some,,,,,,,,,6.0,2012,22.5,18.0,27.2,25.3,21.2,30.2,40.0,31.7,48.2
Netherlands,No,EUR,5.68,Yes in most,,,,,,,,,,2012,22.3,16.7,27.9,26.1,21.9,30.5,26.1,21.9,30.5
New Zealand,No,NZD,14.5,Yes in most,,,,,,,,,10.0,2012,17.6,14.6,20.6,18.6,15.7,21.8,18.6,15.7,21.8
Niger,,XOF,400.0,No,,,,,,,,,1.0,2012,11.6,8.5,14.8,13.5,10.9,16.2,15.4,12.5,19.1
Nigeria,,NGN,200.0,Yes in some,,,,,,,,,5.0,2012,4.1,2.7,5.4,4.7,3.7,5.7,10.1,7.7,12.4
Norway,No,NOK,87.5,Yes in some,,,,,,,,,10.0,2012,19.4,13.1,25.8,24.4,20.4,28.6,16.7,14.2,19.4
Oman,,OMR,0.9,Yes in some,,,,,,,,,9.0,2012,11.0,7.7,13.8,14.6,11.5,18.1,18.2,13.6,23.4
Pakistan,,PKR,33.0,Yes in some,,,,,,,,,5.0,2012,28.8,21.3,37.0,37.7,28.0,46.7,40.4,31.6,51.2
Palau,,USD,3.5,Yes in some,,,,,,,,,9.0,2012,24.4,14.1,34.1,20.4,15.5,26.4,26.6,18.0,37.6
Panama,Yes,PAB,3.73,Yes in some,,,,,,,,,8.0,2012,2.4,1.7,3.1,2.8,2.1,3.5,3.6,2.2,5.1
Paraguay,,PYG,1500.0,Yes in some,,,,,,,,,,2012,22.2,14.8,30.2,26.7,20.3,33.3,26.7,20.3,33.3
Peru,Yes,PEN,5.2,No,,,,,,,,,8.0,2012,21.4,16.4,26.6,23.4,17.6,28.7,23.4,17.6,28.7
Philippines,No,PHP,15.0,Yes in some,,,,,,,,,7.0,2012,42.0,33.4,50.2,46.0,38.1,54.9,46.0,38.1,54.9
Poland,No,PLN,11.6,Yes in some,,,,,,,,,7.0,2012,28.0,22.8,33.0,30.1,24.8,35.4,30.1,24.8,35.4
Portugal,No,EUR,4.2,Yes in some,,,,,,,,,8.0,2012,23.8,18.1,29.2,26.8,21.9,31.8,26.8,21.9,31.8
Qatar,Yes,QAR,9.0,Yes in some,,,,,,,,,,2012,10.1,6.9,13.8,12.3,9.1,15.8,14.3,11.1,18.0
Republic of Korea,,KRW,2500.0,Yes in some,,,,,,,,,5.0,2012,42.6,35.2,49.8,45.2,37.7,53.4,45.2,37.7,53.4
Republic of Moldova,,MDL,13.0,No,,,,,,,,,2.0,2012,39.6,31.6,47.9,44.2,35.7,53.7,44.2,35.7,53.7
Romania,No,RON,13.5,Yes in some,,,,,,,,,7.0,2012,26.8,20.8,32.5,29.8,24.6,36.0,29.8,24.6,36.0
Russian Federation,No,RUB,44.0,Yes in some,,,,,,,,,,2012,29.4,24.2,33.9,29.9,24.9,34.6,29.9,24.9,34.6
Rwanda,,RWF,600.0,No,,,,,,,,,,2012,14.9,11.0,19.4,21.3,16.0,26.7,22.2,17.5,27.7
Samoa,No,WST,8.6,No,,,,,,,,,,2012,26.0,18.8,33.6,32.3,23.6,41.2,32.3,23.6,41.2
Sao Tome and Principe,,STD,20000.0,No,,,,,,,,,,2012,4.0,2.6,5.7,4.5,3.3,5.7,5.6,4.1,7.3
Saudi Arabia,,SAR,9.0,Yes in most,,,,,,,,,8.0,2012,17.9,11.8,24.1,12.7,9.3,16.3,2.6,1.4,4.0
Senegal,No,XOF,400.0,Yes in some,,,,,,,,,3.0,2012,14.1,11.1,16.9,16.4,13.2,19.2,10.6,7.7,14.3
Serbia,,RSD,110.0,Yes in some,,,,,,,,,5.0,2012,37.5,28.9,46.2,42.2,33.9,50.5,42.2,33.9,50.5
Seychelles,Yes,SCR,75.0,No,,,,,,,,,10.0,2012,32.5,24.7,41.1,37.3,29.0,45.7,37.3,29.4,46.4
Sierra Leone,,SLL,2400.0,No,,,,,,,,,,2012,32.9,25.4,40.8,24.0,19.3,29.3,24.0,19.3,29.3
Singapore,No,SGD,11.9,Yes in most,,,,,,,,,,2012,24.8,19.2,30.3,27.7,21.8,33.7,27.7,21.8,33.7
Slovakia,No,EUR,2.74,No,,,,,,,,,7.0,2012,26.8,19.1,33.8,32.0,24.6,40.2,32.0,24.6,40.2
Slovenia,No,EUR,2.9,Yes in some,,,,,,,,,8.0,2012,21.8,17.0,26.8,23.5,19.1,28.2,23.5,19.1,28.2
Solomon Islands,No,SBD,24.0,No,,,,,,,,,0.0,2012,32.6,24.7,40.9,39.1,30.6,48.5,39.1,30.6,48.5
South Africa,No,ZAR,27.81,No,,,,,,,,,,2012,28.6,21.2,36.3,35.1,29.0,42.1,33.1,23.6,43.0
Spain,No,EUR,4.5,Yes in some,,,,,,,,,10.0,2012,28.5,22.8,34.3,30.6,25.6,36.8,30.6,25.6,36.8
Sri Lanka,,LKR,500.0,Yes in most,,,,,,,,,10.0,2012,11.0,6.5,15.3,14.6,11.5,18.3,4.0,2.6,5.6
Sweden,No,SEK,53.0,Yes in most,,,,,,,,,,2012,15.5,11.2,19.7,20.9,17.5,24.5,35.1,28.3,42.5
Switzerland,No,CHF,7.9,Yes in some,,,,,,,,,,2012,23.0,16.9,28.5,26.2,22.0,30.7,26.2,22.0,30.7
Thailand,,THB,58.0,Yes in most,,,,,,,,,7.0,2012,20.6,16.9,23.8,22.1,18.3,25.4,3.8,2.9,4.8
Timor-Leste,,USD,1.25,No,,,,,,,,,1.0,2012,5.5,3.5,7.9,43.7,35.8,52.6,43.7,35.8,52.6
Togo,No,XOF,400.0,No,,,,,,,,,3.0,2012,11.2,7.8,15.5,14.9,9.9,19.6,2.4,1.6,3.2
Tonga,No,TOP,8.0,Yes in some,,,,,,,,,,2012,25.0,14.8,33.5,31.0,24.0,38.3,31.0,24.0,38.3
Tunisia,No,TND,2.25,Yes in most,,,,,,,,,,2012,20.4,13.2,28.5,25.6,19.5,31.8,3.7,2.3,5.1
Turkey,No,TRY,6.5,Yes in some,,,,,,,,,10.0,2012,28.8,23.7,34.2,31.0,25.7,36.4,31.0,25.7,36.4
Tuvalu,No,AUD,6.0,Yes in most,,,,,,,,,7.0,2012,33.1,23.1,43.8,40.8,28.7,55.0,52.9,36.2,71.9
Uganda,,UGX,2500.0,,,,,,,,,,6.0,2012,15.3,12.1,18.9,17.5,14.0,21.5,20.8,16.2,25.4
Ukraine,Yes,UAH,7.5,No,,,,,,,,,,2012,27.8,23.1,33.1,29.3,24.6,34.0,29.3,24.6,34.0
United Arab Emirates,Yes,AED,8.0,Yes in some,,,,,,,,,,2012,11.8,7.0,18.3,15.5,10.2,21.6,19.1,12.8,28.0
United Kingdom of Great Britain and Northern Ireland,No,GBP,6.6,Yes in most,,,,,,,,,10.0,2012,20.7,17.5,24.3,23.7,19.2,28.1,23.7,19.2,28.1
United Republic of Tanzania,No,TZS,2500.0,Yes in some,,,,,,,,,,2012,10.7,7.8,13.9,2.5,1.5,3.5,28.0,20.4,35.1
United States of America,No,USD,6.07,Yes in some,,,,,,,,,,2012,19.5,16.5,23.0,22.6,18.3,26.3,27.2,22.4,32.3
Uruguay,Yes,UYU,75.0,Yes in most,,,,,,,,,10.0,2012,23.6,18.7,28.4,26.4,21.2,31.6,26.4,21.2,31.6
Uzbekistan,No,UZS,1700.0,No,,,,,,,,,,2012,11.0,7.2,14.3,13.4,9.9,17.4,13.4,9.9,17.4
Vanuatu,,VUV,700.0,No,,,,,,,,,,2012,2.7,1.5,4.2,3.2,2.1,4.8,3.7,2.2,5.3
Yemen,Yes,YER,250.0,No,,,,,,,,,,2012,22.5,11.2,36.8,29.4,17.6,45.5,23.5,13.1,35.6
Zambia,No,ZMK,8000.0,No,,,,,,,,,3.0,2012,12.3,9.7,14.9,25.7,21.1,31.4,27.2,22.9,33.4
Zimbabwe,No,USD,1.0,No,,,,,,,,,9.0,2012,12.1,9.4,15.0,15.2,11.1,18.9,15.2,11.1,18.9
Albania,No,All,200.0,Yes in some,3.0,5.0,5.0,3.0,8.0,0.0,0.0,3.0,0.0,2014,44.3,32.1,56.7,51.7,37.4,64.0,51.7,37.4,64.0
Algeria,No,DZD,150.0,Yes in some,6.0,,4.0,,,,,6.0,2.0,2014,11.4,6.1,16.2,14.9,10.9,19.1,19.4,12.3,27.9
Andorra,,EUR,3.5,No,10.0,10.0,10.0,,10.0,,,10.0,10.0,2014,28.0,16.3,40.4,34.1,23.4,45.4,34.1,23.4,45.4
Argentina,Yes,ARS,14.5,Yes in most,9.0,5.0,9.0,5.0,10.0,3.0,10.0,5.0,6.0,2014,21.9,17.0,26.7,24.2,19.2,29.6,25.6,19.1,31.8
Armenia,,AMD,600.0,Yes in some,5.0,,5.0,,,,,5.0,5.0,2014,26.6,21.4,31.3,28.3,23.3,33.3,28.3,23.3,33.3
Australia,No,AUD,17.05,Yes in most,,,,,,,,,8.0,2014,12.9,8.6,17.0,15.8,13.1,18.6,18.2,14.9,21.1
Austria,No,EUR,4.9,Yes in some,8.0,,,,,,,,6.0,2014,30.1,24.1,37.2,32.5,25.9,38.6,32.5,25.9,38.6
Azerbaijan,,AZN,1.4,No,5.0,,3.0,,,,,2.0,3.0,2014,16.8,11.8,23.2,21.1,14.2,28.4,21.1,14.2,28.4
Bahamas,,BSD,7.0,Yes in some,,,,,,,,,,2014,2.7,1.1,4.4,18.5,10.7,27.3,18.5,10.7,27.3
Bahrain,,BHD,1.0,Yes in most,,,,,,,,,,2014,14.0,8.7,19.8,34.1,21.2,46.9,41.9,23.6,61.7
Bangladesh,No,BDT,30.0,Yes in some,7.0,,7.0,,,,,,5.0,2014,19.1,15.1,23.9,22.6,18.4,26.7,41.1,33.2,50.1
Barbados,,BBD,13.85,No,,,,,,,,,,2014,10.3,5.7,15.8,2.2,1.2,3.3,2.4,1.4,3.5
Belarus,,BYR,7050.0,Yes in some,,,,,,,,,,2014,26.7,21.9,31.9,28.7,24.1,33.9,28.7,24.1,33.9
Belgium,No,EUR,5.79,Yes in some,,,,,10.0,,,,8.0,2014,24.2,18.1,29.8,25.9,20.8,31.7,25.9,20.8,31.7
Benin,No,XOF,500.0,No,4.0,10.0,0.0,10.0,5.0,,,5.0,4.0,2014,4.5,3.1,5.8,12.4,9.5,16.0,2.5,1.8,3.3
Bosnia and Herzegovina,,BAM,3.7,Yes in most,,,,,,,,,,2014,32.3,22.7,42.5,39.7,27.3,53.1,39.7,27.3,53.1
Botswana,,BWP,27.33,Yes in some,,,,,,,,,,2014,25.7,16.3,35.7,32.8,24.4,42.1,24.9,19.3,31.0
Brazil,No,BRL,5.75,Yes in some,,,,,10.0,,,,10.0,2014,17.2,13.5,21.7,15.2,12.0,18.9,19.2,13.8,25.1
Brunei Darussalam,No,,,Yes in some,10.0,8.0,10.0,10.0,10.0,8.0,7.0,8.0,7.0,2014,2.3,1.4,3.3,2.9,2.0,3.7,2.9,2.0,3.7
Bulgaria,No,BGN,4.7,No,8.0,8.0,10.0,7.0,10.0,2.0,3.0,8.0,7.0,2014,37.6,29.1,45.5,41.1,32.6,49.4,41.1,32.6,49.4
Burkina Faso,No,XOF,500.0,No,5.0,5.0,5.0,6.0,5.0,1.0,5.0,5.0,4.0,2014,10.4,7.6,13.9,2.5,1.4,3.8,26.5,20.5,32.4
Burundi,,BIF,1600.0,No,,,,,,,,,,2014,15.5,10.0,21.3,18.4,11.7,25.1,20.5,15.3,27.0
Cambodia,,KHR,1800.0,Yes in some,,,,,,,,,,2014,2.5,2.0,3.0,2.7,2.2,3.2,43.4,35.7,51.7
Cameroon,No,XAF,500.0,No,9.0,,9.0,,,,,5.0,5.0,2014,14.9,10.8,19.5,14.9,10.8,19.5,17.5,12.9,21.5
Canada,No,CAD,9.25,Yes in most,,10.0,,,,,,,10.0,2014,14.8,12.5,17.4,15.4,13.0,17.9,20.7,16.6,25.6
Chad,No,XAF,700.0,No,8.0,7.0,9.0,9.0,9.0,8.0,8.0,4.0,6.0,2014,12.4,8.9,16.0,18.0,12.0,24.4,2.9,1.6,4.3
Chile,Yes,CLP,1701.0,No,9.0,10.0,10.0,10.0,10.0,9.0,9.0,9.0,10.0,2014,35.7,27.7,45.6,46.2,31.9,61.2,46.2,31.9,61.2
China,,CNY,11.61,Yes in some,,,,,9.0,,,,4.0,2014,23.4,18.6,28.2,25.5,20.3,30.9,25.5,20.3,30.9
Colombia,Yes,COP,2479.0,No,9.0,6.0,9.0,9.0,6.0,4.0,5.0,4.0,5.0,2014,4.1,3.0,5.1,4.6,3.6,5.7,4.6,3.6,5.7
Comoros,No,KMF,500.0,No,6.0,6.0,5.0,,3.0,,,6.0,5.0,2014,19.8,14.6,24.9,23.9,16.5,30.1,22.6,16.1,29.1
Congo,No,XAF,600.0,No,,,,,,,,,,2014,10.6,6.8,14.1,11.4,9.1,13.9,2.3,1.6,3.1
Cook Islands,No,NZD,19.0,Yes in most,,10.0,,,8.0,3.0,,,5.0,2014,23.6,14.8,32.7,29.5,22.4,36.7,29.5,22.4,36.7
Costa Rica,Yes,CRC,1600.0,Yes in some,8.0,10.0,10.0,10.0,10.0,8.0,10.0,8.0,10.0,2014,14.9,10.8,19.5,16.7,12.4,21.5,16.7,12.4,21.5
Croatia,No,HRK,23.0,Yes in some,9.0,,8.0,,,,,8.0,6.0,2014,32.4,24.9,41.3,36.1,28.6,43.5,36.1,28.6,43.5
Cuba,No,CUP,7.0,Yes in most,5.0,,5.0,,3.0,,,5.0,5.0,2014,21.8,13.9,30.1,30.4,17.9,43.6,30.4,17.9,43.6
Cyprus,No,EUR,4.0,No,5.0,5.0,7.0,,,0.0,3.0,5.0,8.0,2014,30.7,22.6,39.1,37.6,28.3,46.9,37.6,28.3,46.9
Czechia,No,CZK,72.0,Yes in some,10.0,,5.0,,,,,9.0,5.0,2014,27.4,22.1,33.7,32.2,26.7,38.1,32.2,26.7,38.1
Côte d’Ivoire,No,XOF,700.0,No,,,,,,,,,,2014,10.9,6.4,15.7,13.4,8.0,20.3,2.1,0.8,4.1
Democratic People's Republic of Korea,No,KPW,197.1,Yes in most,9.0,,9.0,,9.0,,,,5.0,2014,16.0,9.7,21.9,19.2,14.4,24.6,19.2,14.4,24.6
Denmark,No,DKK,44.0,Yes in some,7.0,,,,,,,,8.0,2014,19.6,16.0,23.3,21.6,18.3,25.8,21.6,18.3,25.8
Dominican Republic,No,DOP,150.0,No,7.0,,,,,,,4.0,7.0,2014,5.8,4.2,7.6,12.9,8.1,19.1,12.9,8.1,19.1
Egypt,Yes,EGP,8.0,No,5.0,0.0,7.0,,2.0,,,2.0,7.0,2014,17.4,13.1,21.2,21.3,17.2,25.4,21.3,17.2,25.4
El Salvador,,USD,2.0,No,,,,,,,,,,2014,2.0,1.1,3.0,19.9,12.4,29.3,2.9,1.8,4.4
Eritrea,No,ERN,60.0,No,,,,,,,,,,2014,10.1,5.9,14.6,12.3,8.2,16.4,16.0,10.9,22.4
Estonia,No,EUR,3.5,No,8.0,,,,,,,,7.0,2014,29.3,22.6,36.3,32.4,27.2,39.1,32.4,27.2,39.1
Eswatini,No,SZL,35.0,No,,,,,,,,,,2014,15.1,11.2,20.0,16.3,11.8,21.3,19.0,14.6,24.0
Ethiopia,No,ETB,15.0,No,,,,,,,,,,2014,3.1,2.4,3.9,3.6,2.8,4.4,5.0,3.8,6.2
Fiji,,FJD,7.8,Yes in some,,,8.0,,5.0,,9.0,,6.0,2014,35.8,19.4,54.8,27.7,16.5,39.2,27.7,16.5,39.2
Finland,No,EUR,5.47,Yes in most,8.0,,,,,,,,10.0,2014,18.9,14.2,22.9,21.3,17.8,25.2,21.3,17.8,25.2
France,No,EUR,7.0,Yes in some,8.0,,8.0,,,,,6.0,9.0,2014,31.5,23.8,39.1,34.6,27.1,41.9,34.6,27.1,41.9
Gambia,No,GMD,30.0,No,,,,,,,,,,2014,12.1,8.6,15.8,16.1,11.3,21.3,15.7,12.2,18.9
Georgia,No,GEL,2.2,Yes in some,5.0,,5.0,,,,,1.0,0.0,2014,5.0,3.6,6.4,5.4,4.1,7.0,5.4,4.1,7.0
Germany,No,EUR,5.47,Yes in some,,,,,,,,,,2014,27.1,22.0,32.8,29.1,24.2,34.1,29.1,24.2,34.1
Ghana,No,GHS,2.5,No,,,,,,,,,,2014,2.9,1.9,4.0,3.9,2.6,5.5,4.1,3.0,5.6
Greece,No,EUR,4.0,Yes in some,7.0,5.0,7.0,7.0,8.0,0.0,2.0,5.0,3.0,2014,37.4,28.2,45.9,41.2,32.5,51.0,41.2,32.5,51.0
Guyana,,GYD,300.0,Yes in some,10.0,,10.0,,,,,3.0,4.0,2014,2.7,1.8,3.6,2.7,1.8,3.6,2.7,1.8,3.6
Haiti,,,,No,,,,,,,,,,2014,2.8,1.8,3.6,3.8,0.0,0.0,3.8,0.0,0.0
Hungary,No,HUF,1000.0,Yes in some,10.0,10.0,10.0,10.0,,10.0,10.0,10.0,10.0,2014,30.1,23.5,37.0,32.4,25.7,39.5,32.4,25.7,39.5
Iceland,No,ISK,1219.0,Yes in some,9.0,,,,,,,,10.0,2014,13.0,8.0,18.1,16.4,12.1,20.8,16.4,12.1,20.8
India,Yes,INR,138.0,Yes in some,8.0,5.0,10.0,9.0,7.0,,,5.0,6.0,2014,12.4,9.7,14.9,2.1,1.6,2.6,30.6,24.2,37.2
Indonesia,Yes,IDR,18333.0,Yes in some,6.0,,8.0,,1.0,,,0.0,1.0,2014,30.8,24.7,36.3,30.8,24.7,36.3,6.8,5.1,8.5
Iran (Islamic Republic of),Yes,IRR,15000.0,Yes in some,9.0,8.0,9.0,9.0,8.0,2.0,6.0,7.0,6.0,2014,18.1,13.7,22.4,11.7,9.4,14.1,26.6,21.0,31.8
Iraq,Yes,IQD,500.0,No,,,,,5.0,,,,2.0,2014,14.7,7.7,21.0,3.2,1.8,4.8,4.3,2.7,6.3
Ireland,No,EUR,9.6,Yes in some,10.0,10.0,10.0,10.0,10.0,10.0,10.0,10.0,10.0,2014,23.0,18.5,27.7,25.9,20.8,31.5,25.9,20.8,31.5
Israel,No,ILS,30.0,Yes in some,,,,,,,,,,2014,22.7,17.2,28.6,26.6,19.1,33.7,26.6,19.1,33.7
Italy,No,EUR,5.0,Yes in some,,,,,,,,,,2014,23.3,19.6,27.0,24.0,19.8,28.0,24.0,19.8,28.0
Jamaica,Yes,JMD,800.0,Yes in most,10.0,10.0,10.0,10.0,8.0,2.0,7.0,7.0,7.0,2014,15.9,10.8,22.5,19.7,10.8,30.2,19.7,10.8,30.2
Japan,No,JPY,430.0,Yes in some,,,,,,,,,,2014,23.1,19.2,27.3,23.9,19.1,27.7,23.9,19.1,27.7
Kazakhstan,Yes,KZT,210.0,Yes in some,6.0,6.0,6.0,8.0,,5.0,,6.0,6.0,2014,41.8,32.3,51.1,45.0,35.9,54.2,45.0,35.9,54.2
Kenya,Yes,KES,100.0,Yes in some,,,,,,,,,,2014,18.1,13.6,21.6,11.3,9.0,14.2,22.9,18.7,27.8
Kiribati,No,AUD,4.8,Yes in most,,6.0,6.0,5.0,,,,,8.0,2014,44.2,25.2,63.1,55.2,40.8,70.4,55.2,40.8,70.4
Kuwait,Yes,KWD,0.75,Yes in most,,,,,,,,,,2014,15.1,9.5,21.4,2.7,1.9,3.5,3.9,2.9,5.2
Kyrgyzstan,Yes,KGS,35.0,Yes in most,,,,,,,,,,2014,3.1,2.0,4.2,3.7,2.4,4.9,3.7,2.4,4.9
Lao People's Democratic Republic,No,LAK,8000.0,No,9.0,,8.0,,6.0,,,6.0,5.0,2014,43.3,32.7,53.7,52.4,41.0,63.5,42.2,31.8,53.8
Latvia,,EUR,3.0,Yes in some,8.0,8.0,,,,7.0,8.0,8.0,8.0,2014,33.3,25.3,40.9,37.5,31.2,45.0,37.5,31.2,45.0
Lebanon,No,LBP,3250.0,No,,,,,,,,,,2014,27.0,19.9,34.5,34.0,25.8,43.1,42.7,30.4,56.3
Lesotho,,LSL,34.99,Yes in most,,,10.0,,,,,,2.0,2014,20.5,15.2,25.1,26.3,19.4,34.1,49.8,38.1,60.3
Liberia,,LRD,60.0,Yes in some,,,,,,,,,,2014,14.1,8.1,20.4,14.7,11.7,17.9,2.3,1.5,3.2
Lithuania,No,LTL,9.4,Yes in some,6.0,,5.0,,,10.0,10.0,5.0,7.0,2014,26.2,20.7,32.0,29.0,23.2,34.6,29.0,23.2,34.6
Luxembourg,No,EUR,5.0,Yes in some,10.0,8.0,,,,,,10.0,10.0,2014,21.1,17.0,25.3,23.3,19.4,28.1,23.3,19.4,28.1
Madagascar,No,MGA,3000.0,No,8.0,7.0,9.0,7.0,7.0,1.0,3.0,2.0,6.0,2014,15.3,11.3,19.4,21.4,13.9,28.6,31.2,22.9,39.8
Malawi,,MWK,800.0,No,,,,,,,,,,2014,18.5,14.7,22.5,21.0,17.0,25.0,23.3,18.9,28.3
Malaysia,,MYR,12.0,Yes in some,,,,,,,,,,2014,19.8,14.3,26.2,23.1,18.2,28.9,23.1,18.2,28.9
Mali,No,XOF,700.0,No,,,,,,,,,,2014,18.0,13.8,22.4,12.1,8.4,16.3,12.1,8.4,16.3
Malta,,EUR,4.8,Yes in some,7.0,8.0,7.0,7.0,10.0,5.0,8.0,7.0,7.0,2014,23.8,17.8,29.6,26.8,20.9,32.6,26.8,20.9,32.6
Mauritius,,MUR,125.0,Yes in some,6.0,10.0,8.0,,9.0,1.0,9.0,5.0,6.0,2014,3.4,2.4,4.3,3.9,2.9,4.9,49.9,31.6,70.7
Mexico,No,MXN,45.0,Yes in most,8.0,,,,,,,,3.0,2014,21.9,17.6,26.3,23.8,19.6,28.1,23.8,19.6,28.1
Mongolia,No,MNT,1600.0,No,7.0,7.0,8.0,6.0,5.0,9.0,9.0,7.0,8.0,2014,38.8,24.5,52.9,47.7,37.8,58.9,52.0,40.0,65.1
Morocco,No,MAD,19.5,Yes in most,6.0,5.0,10.0,5.0,,,,5.0,6.0,2014,12.7,9.5,16.5,15.0,11.7,18.9,16.4,12.8,20.3
Mozambique,No,MZN,30.0,No,,10.0,,,,,,,5.0,2014,12.3,8.4,16.7,29.3,19.3,39.3,26.7,20.9,33.6
Myanmar,,MMK,650.0,Yes in some,9.0,4.0,9.0,8.0,,,0.0,4.0,4.0,2014,3.2,1.8,4.8,40.1,31.1,49.9,48.8,37.3,60.4
Namibia,Yes,NAD,40.0,Yes in some,5.0,10.0,9.0,10.0,10.0,2.0,10.0,0.0,3.0,2014,22.6,16.7,28.0,33.2,23.9,43.0,28.1,0.0,0.0
Nauru,No,,,No,10.0,3.0,7.0,7.0,3.0,3.0,5.0,3.0,5.0,2014,39.5,23.6,55.5,48.4,34.8,62.3,55.7,41.4,71.5
Nepal,Yes,NPR,132.0,Yes in some,10.0,10.0,10.0,10.0,10.0,5.0,5.0,10.0,8.0,2014,20.9,16.5,24.9,23.5,18.9,28.0,37.0,28.8,45.0
Netherlands,No,EUR,6.32,Yes in most,,,,,,,,,,2014,21.5,16.1,27.0,25.1,21.2,29.8,25.1,21.2,29.8
New Zealand,No,NZD,17.0,Yes in most,,,,,,,,,,2014,16.4,13.7,19.3,17.3,14.2,19.9,17.3,14.2,19.9
Niger,,XOF,500.0,No,0.0,,5.0,,0.0,,,0.0,0.0,2014,11.9,8.4,15.4,13.8,11.0,16.6,15.7,12.4,19.2
Nigeria,,NGN,220.0,No,7.0,,10.0,,10.0,,,,0.0,2014,3.9,2.6,5.2,4.5,3.5,5.5,5.2,3.8,6.5
Norway,No,NOK,97.9,Yes in some,10.0,10.0,10.0,,10.0,10.0,10.0,10.0,10.0,2014,17.7,11.8,23.3,22.2,18.7,25.8,15.4,13.0,17.9
Oman,,OMR,0.9,Yes in some,,,,,,,,,,2014,11.2,7.8,14.8,14.8,11.6,18.7,18.3,13.8,24.0
Pakistan,,PKR,47.0,Yes in some,3.0,1.0,5.0,5.0,5.0,6.0,3.0,3.0,1.0,2014,2.8,1.9,3.8,3.8,2.4,5.1,37.9,28.3,47.6
Palau,,USD,5.25,Yes in some,10.0,10.0,10.0,10.0,9.0,,,8.0,8.0,2014,23.9,14.2,33.2,29.7,22.3,37.5,25.7,17.5,36.4
Panama,Yes,PAB,4.25,Yes in some,10.0,10.0,10.0,10.0,10.0,7.0,8.0,3.0,10.0,2014,2.2,1.5,2.9,2.5,1.9,3.3,3.2,1.9,4.6
Paraguay,,PYG,1500.0,No,,,,,,,,,,2014,20.4,13.5,28.7,24.6,18.5,31.8,24.6,18.5,31.8
Peru,Yes,PEN,6.2,Yes in some,10.0,10.0,10.0,8.0,10.0,3.0,7.0,5.0,8.0,2014,18.7,14.7,23.1,20.4,15.8,25.6,20.4,15.8,25.6
Philippines,Yes,PHP,26.75,Yes in some,10.0,8.0,10.0,,5.0,,,8.0,5.0,2014,40.5,32.8,50.0,44.3,36.6,53.7,44.3,36.6,53.7
Poland,No,PLN,13.7,Yes in some,8.0,,8.0,,8.0,,,,8.0,2014,26.7,21.4,31.7,28.6,23.3,33.7,28.6,23.3,33.7
Portugal,No,EUR,4.5,Yes in some,8.0,,8.0,,10.0,,,,3.0,2014,24.2,18.5,30.2,27.1,21.9,32.3,27.1,21.9,32.3
Qatar,Yes,QAR,10.0,Yes in some,,,,,,,,,,2014,10.1,6.4,13.8,12.0,9.1,15.4,14.3,11.0,17.8
Republic of Korea,No,KRW,2500.0,Yes in some,8.0,,10.0,,,,,,7.0,2014,40.3,33.4,47.0,42.7,35.6,50.1,42.7,35.6,50.1
Republic of Moldova,,MDL,15.0,Yes in some,7.0,,3.0,,,,,3.0,3.0,2014,40.0,30.9,49.6,44.2,35.7,55.3,44.2,35.7,55.3
Romania,No,RON,14.5,Yes in some,,,5.0,,,,,,0.0,2014,25.4,19.3,31.0,28.3,22.6,34.4,28.3,22.6,34.4
Russian Federation,No,RUB,67.0,Yes in some,10.0,7.0,3.0,5.0,8.0,10.0,10.0,8.0,8.0,2014,28.9,24.4,34.0,29.3,24.0,34.3,29.3,24.0,34.3
Rwanda,No,RWF,650.0,No,,,,,,,,,,2014,14.1,10.3,18.8,20.5,15.2,26.6,21.3,16.4,26.2
Samoa,No,WST,9.5,No,6.0,5.0,8.0,10.0,5.0,,,4.0,6.0,2014,25.0,18.2,33.2,31.0,21.7,41.1,31.0,21.7,41.1
Sao Tome and Principe,No,STD,20000.0,Yes in some,,,,,,,,,,2014,4.0,2.4,5.8,4.5,3.3,5.8,5.6,3.8,7.1
Saudi Arabia,,SAR,10.0,Yes in most,6.0,9.0,5.0,9.0,10.0,,3.0,9.0,8.0,2014,18.2,12.5,25.9,12.7,8.9,16.4,2.4,1.3,3.7
Senegal,No,XOF,500.0,No,,,7.0,,,,,,3.0,2014,13.6,10.7,16.4,15.8,13.1,19.2,10.0,7.0,13.6
Serbia,,RSD,170.0,Yes in some,6.0,3.0,4.0,,9.0,,,4.0,4.0,2014,37.0,29.3,46.2,41.7,32.9,50.2,41.7,32.9,50.2
Seychelles,Yes,SCR,75.0,No,10.0,10.0,10.0,10.0,10.0,10.0,10.0,10.0,10.0,2014,31.8,23.9,40.0,36.5,27.6,45.7,36.6,27.6,45.0
Sierra Leone,,SLL,3500.0,No,,,,,,,,,,2014,31.5,23.8,39.9,22.5,17.6,27.7,22.5,17.6,27.7
Singapore,No,SGD,13.0,Yes in most,,,,,,,,,,2014,24.8,18.6,31.4,27.8,21.7,34.9,27.8,21.7,34.9
Slovakia,No,EUR,2.84,No,7.0,,7.0,,,,,7.0,7.0,2014,26.9,19.0,35.2,32.1,23.3,40.4,32.1,23.3,40.4
Slovenia,No,EUR,3.45,Yes in some,8.0,,8.0,,,,,8.0,8.0,2014,21.5,16.6,26.2,23.3,19.0,28.1,23.3,19.0,28.1
Solomon Islands,No,SBD,30.08,Yes in some,3.0,,3.0,,2.0,,,,2.0,2014,32.2,24.1,39.9,38.6,29.7,48.5,38.6,29.7,48.5
South Africa,No,ZAR,31.74,No,,,,,,,,,,2014,28.6,21.7,36.7,34.8,27.7,41.6,32.5,23.4,42.3
Spain,No,EUR,4.8,Yes in some,10.0,9.0,10.0,10.0,10.0,10.0,10.0,10.0,10.0,2014,27.8,21.6,33.7,29.6,24.0,34.9,29.6,24.0,34.9
Sri Lanka,,LKR,600.0,Yes in most,9.0,5.0,8.0,10.0,7.0,,,5.0,5.0,2014,10.9,6.7,15.5,14.3,10.6,18.2,3.5,2.1,4.9
Sweden,No,SEK,58.95,Yes in most,,,,,,,,,,2014,14.4,10.3,18.5,19.5,16.3,23.0,32.9,26.4,40.7
Switzerland,No,CHF,8.4,Yes in some,,,,,,,,,,2014,22.7,17.1,28.7,25.9,21.3,30.4,25.9,21.3,30.4
Thailand,,THB,65.0,Yes in most,10.0,6.0,10.0,10.0,6.0,1.0,8.0,5.0,5.0,2014,20.2,16.5,23.9,21.5,17.7,25.1,3.6,2.7,4.5
Timor-Leste,,USD,1.25,No,,,8.0,,,,,,0.0,2014,5.3,3.4,7.7,41.8,33.9,50.2,41.8,33.9,50.2
Togo,No,XOF,400.0,No,8.0,8.0,10.0,,,,,10.0,10.0,2014,10.9,7.4,14.9,14.4,9.8,19.5,2.1,1.3,2.9
Tonga,No,TOP,8.5,Yes in some,,,,10.0,,,,,7.0,2014,24.7,15.7,35.5,30.7,23.5,39.2,30.7,23.5,39.2
Tunisia,No,TND,2.55,Yes in most,,,,,,,,,,2014,19.5,11.5,27.1,24.5,18.1,31.0,3.4,2.1,4.9
Turkey,No,TRY,8.0,Yes in some,10.0,8.0,10.0,8.0,10.0,6.0,8.0,8.0,10.0,2014,28.3,23.3,33.9,30.4,25.0,35.7,30.4,25.0,35.7
Tuvalu,No,AUD,2.5,Yes in most,,8.0,,,8.0,0.0,6.0,,6.0,2014,32.2,21.6,45.3,39.4,25.7,53.2,51.4,35.8,71.3
Uganda,,UGX,2500.0,No,10.0,8.0,10.0,8.0,,,,5.0,4.0,2014,13.9,11.2,17.1,3.3,2.3,4.3,18.8,14.7,23.1
Ukraine,Yes,UAH,9.0,Yes in some,7.0,5.0,7.0,,10.0,,5.0,5.0,3.0,2014,26.6,21.5,31.0,28.0,23.5,32.8,28.0,23.5,32.8
United Arab Emirates,Yes,AED,10.0,Yes in some,,,,,,,,,,2014,11.7,6.1,18.1,15.2,9.2,22.1,18.9,11.8,27.2
United Kingdom of Great Britain and Northern Ireland,No,GBP,7.52,Yes in most,10.0,10.0,10.0,10.0,10.0,10.0,10.0,10.0,10.0,2014,19.3,16.1,22.7,22.0,17.9,26.6,22.0,17.9,26.6
United Republic of Tanzania,,TZS,3500.0,Yes in some,,,,,,,,,,2014,10.0,7.2,13.0,2.3,1.3,3.3,26.3,20.2,33.9
United States of America,No,USD,6.23,Yes in some,,,,,,,,,,2014,18.5,15.3,21.7,21.7,18.0,25.6,26.4,21.6,31.6
Uruguay,Yes,UYU,78.0,Yes in most,10.0,8.0,8.0,7.0,10.0,8.0,10.0,7.0,10.0,2014,22.2,17.5,27.3,24.7,19.6,29.6,24.7,19.6,29.6
Uzbekistan,No,UZS,2200.0,Yes in some,,,,,6.0,,,,4.0,2014,10.7,6.9,14.4,13.0,9.1,16.9,13.0,9.1,16.9
Vanuatu,,VUV,720.0,No,,,,,,,,,,2014,2.6,1.4,4.1,3.1,1.9,4.6,3.6,2.1,5.3
Yemen,Yes,YER,280.0,No,5.0,2.0,5.0,3.0,4.0,,,3.0,4.0,2014,21.8,9.4,35.1,28.5,14.9,43.1,22.6,12.1,34.9
Zambia,No,ZMW,9.0,No,0.0,1.0,5.0,,5.0,3.0,5.0,0.0,3.0,2014,12.1,9.5,14.5,25.3,20.4,30.2,26.5,21.3,32.2
Zimbabwe,No,USD,1.3,No,8.0,,10.0,,10.0,,,5.0,10.0,2014,11.7,9.1,15.0,14.7,10.5,18.9,14.7,10.5,18.9
